Company,ISIN,Market,Compartment,Country,Ticker
2CRSI,FR0013341781,Euronext Growth Paris,Euronext Growth,France,AL2SI.PA
5TH PLANET GAMES,DK0060945467,Oslo Bors,Compartment C,Denmark,5PG.OL
74SOFTWARE,FR0011040500,Euronext Paris,Compartment B,France,74SW.PA
A.B.P. NOCIVELLI,IT0005439861,Euronext Growth Milan,Euronext Growth,Italy,ABP.MI
AASEN SPAREBANK,NO0010672181,Euronext Growth Oslo,Euronext Growth,Norway,AASB.OL
AATECH,IT0005548521,Euronext Growth Milan,Euronext Growth,Italy,AAT.MI
AB SCIENCE,FR0010557264,Euronext Paris,Compartment B,France,AB.PA
ABC ARBITRAGE,FR0004040608,Euronext Paris,Compartment B,France,ABCA.PA
ABC COMPANY,IT0005466294,Euronext Growth Milan,Euronext Growth,Italy,ABC.MI
ABEO,FR0013185857,Euronext Paris,Compartment C,France,ABEO.PA
ABG SUNDAL COLLIER HOLDING,NO0003021909,Oslo Bors,Compartment B,Norway,ABG.OL
ABIONYX PHARMA,FR0012616852,Euronext Paris,Compartment C,France,ABNX.PA
ABITARE IN,IT0005445280,Euronext Milan,Compartment C,Italy,ABT.MI
ABIVAX,FR0012333284,Euronext Paris,Compartment B,France,ABVX.PA
ABL Diagnostics,FR001400AHX6,Euronext Paris,Compartment B,France,ABLD.PA
ABL GROUP ASA,NO0010715394,Oslo Bors,Compartment C,Norway,ABL.OL
ABO GROUP ENVIRONMENT,BE0974278104,Euronext Brussels,Compartment C,Belgium,BE0974278104.SG
ACCENTIS,BE0003696102,Euronext Brussels,Compartment C,Belgium,ACCB.BR
ACE DIGITAL AS,NO0013531616,Euronext Growth Oslo,Euronext Growth,Norway,ACED.OL
Acheter-Louer.fr,FR0014011O84,Euronext Growth Paris,Euronext Growth,France,ALALO.PA
ACINQUE,IT0001382024,Euronext Milan,Compartment B,Italy,AC5.MI
ACOMO N.V.,NL0000313286,Euronext Amsterdam,Compartment B,Netherlands,ACOMO.AS
ACQUAZZURRA,IT0005443061,Euronext Growth Milan,Euronext Growth,Italy,
ACTEOS,FR0000076861,Euronext Paris,Compartment C,France,EOS.PA
ACTIA GROUP S.A.,FR0000076655,Euronext Growth Paris,Euronext Growth,France,ALATI.PA
ACTIVIUM GROUP,FR0010979377,Euronext Access Paris,Euronext Access,France,MLACT.PA
ADEC INNOVATIONS,NL0015002K91,Euronext Access Brussels,Euronext Access,Netherlands,
ADEUNIS,FR0013284627,Euronext Growth Paris,Euronext Growth,France,ALARF.PA
ADOCIA,FR0011184241,Euronext Paris,Compartment C,France,ADOC.PA
ADOMOS,FR00140153H3,Euronext Growth Paris,Euronext Growth,France,ALADO.PA
ADS MARITIME HOLDING PLC,CY0108052115,Euronext Growth Oslo,Euronext Growth,Cyprus,ADS.OL
ADUX,FR0012821890,Euronext Growth Paris,Euronext Growth,France,ALDUX.PA
ADVENTURE,IT0005607715,Euronext Growth Milan,Euronext Growth,Italy,ADV.MI
ADVICENNE,FR0013296746,Euronext Growth Paris,Euronext Growth,France,ALDVI.PA
ADVINI,FR0000053043,Euronext Growth Paris,Euronext Growth,France,ALAVI.PA
AEDES,IT0005349052,Euronext Milan,Compartment C,Italy,AEDES.MI
AEFFE,IT0001384590,Euronext Milan,Compartment C,Italy,AEF.MI
AELIS FARMA,FR0014007ZB4,Euronext Paris,Compartment B,France,AELIS.PA
AEROPORTO GUGLIELMO MARCONI DI BOLOGNA,IT0001006128,Euronext Milan,Compartment B,Italy,ADB.MI
AF GRUPPEN,NO0003078107,Oslo Bors,Compartment A,Norway,AFG.OL
AFYREN,FR0014005AC9,Euronext Growth Paris,Euronext Growth,France,ALAFY.PA
AG3I,FR0011908045,Euronext Access Paris,Euronext Access,France,
AGFA-GEVAERT,BE0003755692,Euronext Brussels,Compartment B,Belgium,AGFB.BR
AGILYX ASA,NO0010872468,Oslo Bors,Compartment B,Norway,AGLX.OL
AGRIPOWER,FR0013452281,Euronext Growth Paris,Euronext Growth,France,ALAGP.PA
AgroGeneration,FR0010641449,Euronext Growth Paris,Euronext Growth,France,ALAGR.PA
AJAX,NL0000018034,Euronext Amsterdam,Compartment B,Netherlands,AJAX.AS
AKASTOR,NO0010215684,Oslo Bors,Compartment B,Norway,AKAST.OL
AKER BIOMARINE ASA,NO0010886625,Oslo Bors,Compartment B,Norway,AKBM.OL
AKER HORIZONS ASA,NO0010921232,Oslo Bors,Compartment B,Norway,AKH.OL
AKER SOLUTIONS,NO0010716582,Oslo Bors,Compartment A,Norway,AKSO.OL
AKOBO MINERALS AB (PUB),SE0015193412,Euronext Growth Oslo,Euronext Growth,Sweden,AKOBO.OL
AKVA GROUP,NO0003097503,Oslo Bors,Compartment B,Norway,AKVA.OL
AKWEL,FR0000053027,Euronext Paris,Compartment B,France,AKW.PA
ALAN ALLMAN ASSOCIATES,FR0000062465,Euronext Paris,Compartment B,France,AAA.PA
ALERION,IT0004720733,Euronext Milan,Compartment A,Italy,ARN.MI
ALFEN,NL0012817175,Euronext Amsterdam,Compartment B,Netherlands,ALFEN.AS
ALFIO BARDOLLA,IT0005244030,Euronext Growth Milan,Euronext Growth,Italy,ABTG.MI
ALFONSINO,IT0005466039,Euronext Growth Milan,Euronext Growth,Italy,ALFO.MI
ALLCORE,IT0005461303,Euronext Growth Milan,Euronext Growth,Italy,CORE.MI
Almunda Professional N.V.,NL0010696704,Euronext Amsterdam,Compartment C,Netherlands,AMUND.AS
ALPES (COMPAGNIE),FR0000053324,Euronext Paris,Compartment B,France,CDA.PA
ALTAMIR,FR0000053837,Euronext Paris,Compartment B,France,LTA.PA
ALTAREIT,FR0000039216,Euronext Paris,Compartment B,France,AREIT.PA
ALTEA GREEN POWER,IT0005472730,Euronext Milan,Compartment C,Italy,AGP.MI
ALTHEORA,FR0000061244,Euronext Growth Paris,Euronext Growth,France,ALORA.PA
ALTRI SGPS,PTALT0AE0002,Euronext Lisbon,Compartment B,Portugal,ALTR.LS
ALUMEXX N.V.,NL0012194724,Euronext Amsterdam,Compartment C,Netherlands,ALX.AS
ALVEEN,FR0013253812,Euronext Access Paris,Euronext Access,France,
AMATHEON AGRI HOLDING N.V.,NL0010273694,Euronext Access Paris,Euronext Access,Netherlands,MLAAH.PA
AMBROMOBILIARE,IT0004779515,Euronext Growth Milan,Euronext Growth,Italy,AMB.MI
AMG Critical Materials N.V.,NL0000888691,Euronext Amsterdam,Compartment B,Netherlands,AMG.AS
AMOEBA,FR0011051598,Euronext Growth Paris,Euronext Growth,France,ALMIB.PA
ANDFJORD SALMON GROUP AS,NO0010829765,Euronext Growth Oslo,Euronext Growth,Norway,NO0010829765.SG
"ANDINO INVERSIONES GLOBAL, S.A.",ES0105744009,Euronext Access Paris,Euronext Access,Spain,MLAIG.PA
ANIMA HOLDING,IT0004998065,Euronext Milan,Compartment A,Italy,ANIM.MI
ANTARES VISION,IT0005366601,Euronext Milan,Compartment B,Italy,IT0005366601.SG
ANTIN INFRA PARTN,FR0014005AL0,Euronext Paris,Compartment A,France,ANTIN.PA
APERAM,LU0569974404,Euronext Amsterdam,Compartment A,Luxembourg,APAM.AS
APPEAR ASA,NO0013683821,Oslo Bors,Compartment B,Norway,APR.OL
AQUA BIO TECHNOLOGY,NO0010307135,Oslo Bors,Compartment C,Norway,ABTEC.OL
AQUAFIL,IT0005241192,Euronext Milan,Compartment C,Italy,IT0005241192.SG
AQUILA,FR0010340711,Euronext Growth Paris,Euronext Growth,France,ALAQU.PA
ARAMIS GROUP,FR0014003U94,Euronext Paris,Compartment B,France,ARAMI.PA
ARCHOS,FR001400KO61,Euronext Growth Paris,Euronext Growth,France,ALJXR.PA
ARCTIC BIOSCIENCE AS,NO0010859580,Euronext Growth Oslo,Euronext Growth,Norway,ABS.OL
ARCTIC FISH HOLDING AS,NO0010917719,Euronext Growth Oslo,Euronext Growth,Norway,AFISH.OL
ARCTICZYMES TECHNOLOGIES,NO0010014632,Oslo Bors,Compartment B,Norway,AZT.OL
ARCURE,FR0013398997,Euronext Growth Paris,Euronext Growth,France,ALCUR.PA
ARDOIN ST AMAND A,FR0005057635,Euronext Access Paris,Euronext Access,France,
ARENDALS FOSSEKOMPANI,NO0003572802,Oslo Bors,Compartment B,Norway,AFK.OL
ARISTON HOLDING,NL0015000N33,Euronext Milan,Compartment B,Netherlands,ARIS.MI
ARRIBATEC GROUP ASA,NO0013682948,Oslo Bors,Compartment C,Norway,ARR.OL
ARTEA,FR0012185536,Euronext Paris,Compartment C,France,ARTE.PA
ARTERRA BIOSCIENCE,IT0005386369,Euronext Growth Milan,Euronext Growth,Italy,ARBS.MI
ARTMARKET.COM(EX ARTPRICE.COM),FR0000074783,Euronext Paris,Compartment C,France,PRC.PA
ARTOIS NOM.,FR0000076952,Euronext Paris,Compartment A,France,ARTO.PA
ARVERNE GROUP,FR001400JWR8,Euronext Paris,Compartment B,France,ARVEN.PA
ASCOPIAVE,IT0004093263,Euronext Milan,Compartment B,Italy,ASC.MI
ASHLER ET MANSON,FR0012968485,Euronext Access Paris,Euronext Access,France,MLAEM.PA
ASSYSTEM,FR0000074148,Euronext Paris,Compartment B,France,ASY.PA
ATARI S.A.,FR0010478248,Euronext Growth Paris,Euronext Growth,France,ALATA.PA
ATEA,NO0004822503,Oslo Bors,Compartment A,Norway,ATEA.OL
ATEME,FR0011992700,Euronext Paris,Compartment C,France,ATEME.PA
ATENOR,BE0003837540,Euronext Brussels,Compartment B,Belgium,ATEB.BR
ATLANTIC SAPPHIRE,NO0013249896,Oslo Bors,Compartment C,Norway,
ATON,FR0004153930,Euronext Growth Paris,Euronext Growth,France,ALTAO.PA
ATON GREEN STORAGE,IT0005449464,Euronext Growth Milan,Euronext Growth,Italy,ATON.MI
ATOS,FR001400X2S4,Euronext Paris,Compartment B,France,ATO.PA
AUBAY,FR0000063737,Euronext Paris,Compartment B,France,AUB.PA
AUDACIA,FR00140059B5,Euronext Growth Paris,Euronext Growth,France,ALAUD.PA
AUGROS COSMETICS,FR0000061780,Euronext Paris,Compartment C,France,AUGR.PA
AUREA,FR0000039232,Euronext Paris,Compartment C,France,AURE.PA
AURSKOG SPAREBANK,NO0006001601,Oslo Bors,Compartment C,Norway,AURG.OL
AUSTEVOLL SEAFOOD,NO0010073489,Oslo Bors,Compartment A,Norway,AUSS.OL
AUTOSTRADE MERID,IT0000084043,Euronext Milan,Compartment C,Italy,AUTME.MI
AVANTIUM,NL0015002IE0,Euronext Amsterdam,Compartment B,Netherlands,AVTX.AS
AVENIR TELECOM,FR001400CFI7,Euronext Paris,Compartment C,France,AVT.PA
AVENTADOR,FR001400IV58,Euronext Growth Paris,Euronext Growth,France,
AVIO,IT0005119810,Euronext Milan,Compartment B,Italy,AVIO.MI
AWILCO LNG,NO0010607971,Oslo Bors,Compartment C,Norway,ALNG.OL
AXACTOR ASA,NO0010840515,Oslo Bors,Compartment C,Norway,NO0010840515.SG
AYFIE INTERNATIONAL AS,NO0012861683,Euronext Growth Oslo,Euronext Growth,Norway,AIX.OL
AZ LEASING,IT0004812258,Euronext Access Paris,Euronext Access,Italy,
AZERION,NL00150006Z9,Euronext Amsterdam,Compartment B,Netherlands,AZRN.AS
AZOREAN AQUATIC TECHNOLOGIES SA,PTAZR0AM0006,Euronext Access Paris,Euronext Access,Portugal,MLAAT.PA
B&C SPEAKERS,IT0001268561,Euronext Milan,Compartment B,Italy,BEC.MI
B.F.,IT0005187460,Euronext Milan,Compartment B,Italy,BFG.MI
B2 Impact ASA,NO0010633951,Oslo Bors,Compartment B,Norway,B2I.OL
BAIKOWSKI,FR0013384369,Euronext Growth Paris,Euronext Growth,France,ALBKK.PA
BALTIC SEA PROPERTIES,NO0010810476,Euronext Growth Oslo,Euronext Growth,Norway,BALT.OL
BALYO,FR0013258399,Euronext Paris,Compartment C,France,BALYO.PA
BANCA IFIS,IT0003188064,Euronext Milan,Compartment B,Italy,IF.MI
BANCA SISTEMA,IT0003173629,Euronext Milan,Compartment C,Italy,BST.MI
BANIMMO A,BE0003870871,Euronext Brussels,Compartment C,Belgium,BANI.BR
BANQUP GROUP,BE0974371032,Euronext Brussels,Compartment C,Belgium,BANQ.BR
BARBARA BUI,FR0000062788,Euronext Paris,Compartment C,France,BUI.PA
BARCO,BE0974362940,Euronext Brussels,Compartment A,Belgium,BAR.BR
BASIC-FIT,NL0011872650,Euronext Amsterdam,Compartment A,Netherlands,BFIT.AS
BASICNET,IT0001033700,Euronext Milan,Compartment B,Italy,BAN.MI
BASSAC,FR0004023208,Euronext Paris,Compartment B,France,BASS.PA
BASTIDE LE CONFORT,FR0000035370,Euronext Paris,Compartment B,France,BLC.PA
BASTOGI SPA,IT0004412497,Euronext Milan,Compartment C,Italy,B.MI
BCA POP SONDRIO,IT0000784196,Euronext Milan,Compartment A,Italy,BPSO.MI
BCA PROFILO,IT0001073045,Euronext Milan,Compartment C,Italy,PRO.MI
BCO DESIO BRIANZA,IT0001041000,Euronext Milan,Compartment B,Italy,BDB.MI
BEEWIZE,IT0001487047,Euronext Milan,Compartment C,Italy,BWZ.MI
BEKAERT,BE0974258874,Euronext Brussels,Compartment A,Belgium,BEKB.BR
BELLINI NAUTICA,IT0005497042,Euronext Growth Milan,Euronext Growth,Italy,BELL.MI
BELYSSE GROUP NV,BE0974314461,Euronext Brussels,Compartment C,Belgium,BELYS.BR
BENETEAU,FR0000035164,Euronext Paris,Compartment B,France,BEN.PA
Benfica SAD,PTSLB0AM0010,Euronext Lisbon,Compartment C,Portugal,SLBEN.LS
BERGEN CARBON SOLUTIONS AS,NO0010950249,Euronext Growth Oslo,Euronext Growth,Norway,NO0010950249.SG
BERNARD LOISEAU,FR0000066961,Euronext Growth Paris,Euronext Growth,France,ALDBL.PA
BESTBE HOLDING,IT0005611642,Euronext Milan,Compartment C,Italy,
BEVER HOLDING Gewone aandelen,NL0000285278,Euronext Amsterdam,Compartment C,Netherlands,BEVER.AS
BEWI,NO0010890965,Oslo Bors,Compartment B,Norway,BEWI.OL
BFF BANK,IT0005244402,Euronext Milan,Compartment A,Italy,BFF.MI
BIEN SPAREBANK ASA,NO0012706763,Oslo Bors,Compartment C,Norway,BIEN.OL
BIESSE,IT0003097257,Euronext Milan,Compartment B,Italy,BSS.MI
BIGBEN INTERACTIVE,FR0000074072,Euronext Paris,Compartment C,France,BIG.PA
BILENDI,FR0004174233,Euronext Growth Paris,Euronext Growth,France,ALBLD.PA
BIO INOX,FR001400UBS7,Euronext Access Paris,Euronext Access,France,
BIOPHYTIS,FR001400OLP5,Euronext Growth Paris,Euronext Growth,France,ALBPS.PA
BIOSENIC,BE0974280126,Euronext Brussels,Compartment C,Belgium,BIOS.BR
BIOSYNEX,FR0011005933,Euronext Growth Paris,Euronext Growth,France,FR0011005933.SG
BIOTALYS NV,BE0974386188,Euronext Brussels,Compartment C,Belgium,BE0974386188.SG
BIO-UV GROUP,FR0013345493,Euronext Growth Paris,Euronext Growth,France,FR0013345493.SG
BLACK SEA PROPERTY,NO0013685750,Euronext Growth Oslo,Euronext Growth,Norway,BSP.OL
BLUE SHARK POWER,FR0013340973,Euronext Access Paris,Euronext Access,France,MLBSP.PA
BLUELINEA,FR0011041011,Euronext Growth Paris,Euronext Growth,France,ALBLU.PA
BLUENORD ASA,NO0010379266,Oslo Bors,Compartment A,Norway,BNOR.OL
BOA CONCEPT,FR0011365907,Euronext Growth Paris,Euronext Growth,France,ALBOA.PA
BODY ONE,FR0010106039,Euronext Access Paris,Euronext Access,France,MLONE.PA
BOIRON,FR0000061129,Euronext Paris,Compartment B,France,BOI.PA
BOLOGNAFIERE,IT0003516066,Euronext Growth Milan,Euronext Growth,Italy,
BONDUELLE,FR0000063935,Euronext Paris,Compartment B,France,BON.PA
BONHEUR,NO0003110603,Oslo Bors,Compartment B,Norway,BONHR.OL
BONYF,BE6333353298,Euronext Access Paris,Euronext Access,Belgium,MLBON.PA
BOOSTHEAT,FR00140153G5 ,Euronext Growth Paris,Euronext Growth,France,
BORGESTAD,NO0013256180,Oslo Bors,Compartment C,Norway,BOR.OL
BORGOSESIA,IT0003217335,Euronext Milan,Compartment C,Italy,BO.MI
BORREGAARD,NO0010657505,Oslo Bors,Compartment A,Norway,BRG.OL
BOURRELIER GROUP,FR0000054421,Euronext Growth Paris,Euronext Growth,France,ALBOU.PA
BOURSE DIRECT,FR0000074254,Euronext Paris,Compartment B,France,BSD.PA
BOUVET,NO0010360266,Oslo Bors,Compartment B,Norway,BOUV.OL
BPOST,BE0974268972,Euronext Brussels,Compartment B,Belgium,BPOST.BR
BQUE NAT. BELGIQUE,BE0003008019,Euronext Brussels,Compartment B,Belgium,BNB.BR
BRAGA MORO,IT0005640286,Euronext Growth Milan,Euronext Growth,Italy,BRM.MI
BRIOSCHI,IT0000066180,Euronext Milan,Compartment C,Italy,BRI.MI
BROADPEAK,FR001400AJZ7,Euronext Growth Paris,Euronext Growth,France,ALBPK.PA
BRUNEL INTERNAT,NL0010776944,Euronext Amsterdam,Compartment B,Netherlands,BRNL.AS
BURELLE,FR0000061137,Euronext Paris,Compartment B,France,BUR.PA
BYGGMA,NO0003087603,Euronext Growth Oslo,Euronext Growth,Norway,BMA.OL
CA TOULOUSE 31 CCI,FR0000045544,Euronext Paris,Compartment C,France,CAT31.PA
CABASSE S.A.,FR001400DIY6,Euronext Growth Paris,Euronext Growth,France,ALCAB.PA
CABKA,NL00150000S7,Euronext Amsterdam,Compartment C,Netherlands,CABKA.AS
CADELER A/S,DK0061412772,Oslo Bors,Compartment A,Denmark,CADLR.OL
CAFOM,FR0010151589,Euronext Growth Paris,Euronext Growth,France,ALCAF.PA
CAIRN HOMES PLC,IE00BWY4ZF18,Euronext Dublin,Compartment B,Ireland,CRN.L
CAIRO COMMUNICATION,IT0004329733,Euronext Milan,Compartment B,Italy,CAI.MI
CALEFFI,IT0003025019,Euronext Milan,Compartment C,Italy,CLF.MI
CALIBRE,FR0014004QR6,Euronext Growth Paris,Euronext Growth,France,ALIBR.PA
CALTAGIRONE,IT0003127930,Euronext Milan,Compartment B,Italy,CALT.MI
CALTAGIRONE EDIT,IT0001472171,Euronext Milan,Compartment C,Italy,CED.MI
CAMBI ASA,NO0010078850,Euronext Growth Oslo,Euronext Growth,Norway,NO0010078850.SG
CAMPINE,BE0003825420,Euronext Brussels,Compartment C,Belgium,CAMB.BR
CANDELA INVEST,BE0974298300,Euronext Growth Brussels,Euronext Growth,Belgium,CAND.BR
CAPITAL B,FR0011053636,Euronext Growth Paris,Euronext Growth,France,ALCPB.PA
CAPSOL TECHNOLOGIES ASA,NO0010923121,Oslo Bors,Compartment C,Norway,CAPSL.OL
CARBIOS,FR0011648716,Euronext Growth Paris,Euronext Growth,France,ALCRB.PA
CARMAT,FR0010907956,Euronext Growth Paris,Euronext Growth,France,
CARVOLIX,FR0013333077,Euronext Paris,Compartment C,France,FR0013333077.SG
CASINO GUICHARD,FR001400OKR3,Euronext Paris,Compartment C,France,CO.PA
CASTA DIVA GROUP,IT0005003782,Euronext Growth Milan,Euronext Growth,Italy,CDG.MI
CATANA GROUP,FR0010193052,Euronext Growth Paris,Euronext Growth,France,ALCAT.PA
CATERING INTERNATIONAL & SERVICES S.A.,FR0000064446,Euronext Growth Paris,Euronext Growth,France,ALCIS.PA
CAVENDISH HYDROGEN ASA,NO0013219535,Oslo Bors,Compartment C,Norway,CAVEN.OL
CBO TERRITORIA,FR0010193979,Euronext Paris,Compartment C,France,CBOT.PA
CEGEDIM,FR0000053506,Euronext Growth Paris,Euronext Growth,France,ALCGM.PA
CELLECTIS,FR0010425595,Euronext Growth Paris,Euronext Growth,France,ALCLS.PA
CELLULARLINE,IT0005244618,Euronext Milan,Compartment C,Italy,CELL.MI
CELYAD ONCOLOGY,BE0974260896,Euronext Brussels,Compartment C,Belgium,CYAD.BR
CEMBRE,IT0001128047,Euronext Milan,Compartment B,Italy,CMB.MI
CEMENTIR HOLDING,NL0013995087,Euronext Milan,Compartment A,Netherlands,NL0013995087.SG
CENERGY,BE0974303357,Euronext Brussels,Compartment A,Belgium,CENER.BR
CENTRALE DEL LATTE D'ITALIA,IT0003023980,Euronext Milan,Compartment C,Italy,CLI.MI
CERINNOV GROUP,FR0013178712,Euronext Growth Paris,Euronext Growth,France,
CFE,BE0003883031,Euronext Brussels,Compartment B,Belgium,CFEB.BR
CH.FER DEPARTEMENTAUX,FR0000037871,Euronext Access Paris,Euronext Access,France,MLCFD.PA
CHARWOOD ENERGY S.A.,FR001400AJ60,Euronext Growth Paris,Euronext Growth,France,ALCWE.PA
CHAUSSERIA,FR0000060907,Euronext Paris,Compartment C,France,
Cheops Technology,FR0010447086,Euronext Access Paris,Euronext Access,France,MLCHE.PA
CHOICE NV,BE0974370026,Euronext Access Brussels,Euronext Access,Belgium,MLTV.BR
CIBOX INTER A CTIV,FR0000054322,Euronext Growth Paris,Euronext Growth,France,ALCBX.PA
CIE BOIS SAUVAGE,BE0003592038,Euronext Brussels,Compartment B,Belgium,COMB.BR
CIE DU MONT BLANC,FR0000060428,Euronext Access Paris,Euronext Access,France,MLCMB.PA
CIR,IT0000070786,Euronext Milan,Compartment B,Italy,CIR.MI
CIRCIO HOLDING ASA,NO0013033795,Oslo Bors,Compartment C,Norway,CRNA.OL
CIRCLE,IT0005344996,Euronext Growth Milan,Euronext Growth,Italy,CIRC.MI
CLABO,IT0005091324,Euronext Growth Milan,Euronext Growth,Italy,
CLARANOVA,FR0013426004,Euronext Growth Paris,Euronext Growth,France,ALCLA.PA
CLARIANE SE,FR0010386334,Euronext Paris,Compartment B,France,CLARI.PA
CLASS EDITORI,IT0005117848,Euronext Milan,Compartment C,Italy,CLE.MI
CLEANBNB,IT0005377277,Euronext Growth Milan,Euronext Growth,Italy,CBB.MI
CLOUDBERRY CLEAN ENERGY ASA,NO0010876642,Oslo Bors,Compartment B,Norway,NO0010876642.SG
CLOUDIA RESEARCH,IT0005577090,Euronext Growth Milan,Euronext Growth,Italy,AGAIN.MI
CM.COM,NL0012747059,Euronext Amsterdam,Compartment B,Netherlands,CMCOM.AS
CMG CLEANTECH,FR0013406881,Euronext Access Paris,Euronext Access,France,MLCMG.PA
CO.BR.HA (D),BE0003519270,Euronext Growth Brussels,Euronext Growth,Belgium,COBH.BR
CODELAB CAPITAL AS,NO0013483503,Euronext Growth Oslo,Euronext Growth,Norway,CODE.OL
COFACE,FR0010667147,Euronext Paris,Compartment A,France,COFA.PA
COFIDUR S.A.,FR0013257409,Euronext Growth Paris,Euronext Growth,France,ALCOF.PA
COFLE,IT0005465619,Euronext Growth Milan,Euronext Growth,Italy,CFL.MI
COGEFEED,IT0005618043,Euronext Growth Milan,Euronext Growth,Italy,CGF.MI
COGRA,FR0011071570,Euronext Growth Paris,Euronext Growth,France,ALCOG.PA
COHERIS,FR0004031763,Euronext Paris,Compartment C,France,COH.PA
COIL,BE0160342011,Euronext Growth Paris,Euronext Growth,Belgium,ALCOI.PA
COLIPAYS,FR0010959684,Euronext Access Paris,Euronext Access,France,MLCLP.PA
COM.TEL,IT0005632945,Euronext Growth Milan,Euronext Growth,Italy,CMTL.MI
COMER INDUSTRIES,IT0005246191,Euronext Milan,Compartment B,Italy,COM.MI
COMPAGNIA DEI CARAIBI,IT0005453235,Euronext Growth Milan,Euronext Growth,Italy,TIME.MI
COMPAGNIE CHARGEURS INVEST,FR0000130692,Euronext Paris,Compartment B,France,CRI.PA
CONDOR TECHNOLOGIES,BE6252013725,Euronext Access Paris,Euronext Access,Belgium,
Conduril-Engenharia,PTCDU0AE0003,Euronext Access Lisbon,Euronext Access,Portugal,
CONFINVEST,IT0005379604,Euronext Growth Milan,Euronext Growth,Italy,CFV.MI
CONSORT NT,FR0000077828,Euronext Access Paris,Euronext Access,France,
CONSTRUCTEURS BOIS,FR00140007I9,Euronext Access Paris,Euronext Access,France,MLLCB.PA
CONTEXTVISION,SE0014731154,Oslo Bors,Compartment C,Sweden,CONTX.OL
CONVERGENZE,IT0005426215,Euronext Growth Milan,Euronext Growth,Italy,CVG.MI
COPERNICO,IT0005379406,Euronext Growth Milan,Euronext Growth,Italy,COP.MI
CORBION,NL0010583399,Euronext Amsterdam,Compartment A,Netherlands,CRBN.AS
COREP LIGHTING,FR0010035816,Euronext Access Paris,Euronext Access,France,
CORETECH 5,FR0013371507,Euronext Access Paris,Euronext Access,France,MLCOT.PA
Corticeira Amorim-SGPS,PTCOR0AE0006,Euronext Lisbon,Compartment A,Portugal,COR.LS
COURBET,FR0004998318,Euronext Access Paris,Euronext Access,France,MLCOU.PA
COURTOIS,FR0000065393,Euronext Paris,Compartment C,France,COUR.PA
CRCAM ALP.PROV.CCI,FR0000044323,Euronext Paris,Compartment C,France,CRAP.PA
CRCAM ATL.VEND.CCI,FR0000185506,Euronext Paris,Compartment C,France,CRAV.PA
CRCAM BRIE PIC2CCI,FR0010483768,Euronext Paris,Compartment B,France,CRBP2.PA
CRCAM ILLE-VIL.CCI,FR0000045213,Euronext Paris,Compartment C,France,CIV.PA
CRCAM LANGUED CCI,FR0010461053,Euronext Paris,Compartment C,France,CRLA.PA
CRCAM LOIRE HAUTE LOIRE CCI,FR0000045239,Euronext Paris,Compartment C,France,CRLO.PA
CRCAM MORBIHAN CCI,FR0000045551,Euronext Paris,Compartment C,France,CMO.PA
CRCAM NORD CCI,FR0000185514,Euronext Paris,Compartment B,France,CNDF.PA
CRCAM NORM.SEINE,FR0000044364,Euronext Paris,Compartment C,France,CCN.PA
CRCAM PARIS ET IDF,FR0000045528,Euronext Paris,Compartment B,France,CAF.PA
CRCAM SUD R.A.CCI,FR0000045346,Euronext Paris,Compartment C,France,CRSU.PA
CRCAM TOURAINE CCI,FR0000045304,Euronext Paris,Compartment C,France,CRTO.PA
CREACTIVES GROUP,IT0005408593,Euronext Growth Milan,Euronext Growth,Italy,CREG.MI
CROSSJECT,FR0011716265,Euronext Growth Paris,Euronext Growth,France,ALCJ.PA
CROSSWOOD,FR0000050395,Euronext Paris,Compartment C,France,CROS.PA
CROWDFUNDME,IT0005353575,Euronext Growth Milan,Euronext Growth,Italy,CFM.MI
CRYPTO BLOCKCHAIN INDUSTRIES,FR0014007LW0,Euronext Growth Paris,Euronext Growth,France,ALCBI.PA
CSP INT IND CALZE,IT0001127874,Euronext Milan,Compartment C,Italy,CSP.MI
CTAC,NL0000345577,Euronext Amsterdam,Compartment C,Netherlands,CTAC.AS
"CTT-CORREIOS DE PORTUGAL, SA",PTCTT0AM0001,Euronext Lisbon,Compartment B,Portugal,CTT.LS
CUBE LABS,IT0005532483,Euronext Growth Milan,Euronext Growth,Italy,
CULTI MILANO,IT0005257347,Euronext Growth Milan,Euronext Growth,Italy,CULT.MI
CUMULEX,BE0003463685,Euronext Brussels,Compartment C,Belgium,CLEX.BR
CY4GATE,IT0005412504,Euronext Milan,Compartment B,Italy,CY4.MI
CYBEROO,IT0005546103,Euronext Growth Milan,Euronext Growth,Italy,CYB.MI
CYVIZ AS,NO0010015175,Euronext Growth Oslo,Euronext Growth,Norway,CYVIZ.OL
D.L.S.I.,FR0010404368,Euronext Growth Paris,Euronext Growth,France,ALDLS.PA
DAMARIS,FR0000077885,Euronext Access Paris,Euronext Access,France,MLDAM.PA
DAMARTEX,FR0000185423,Euronext Growth Paris,Euronext Growth,France,ALDAR.PA
D'AMICO,LU2592315662,Euronext Milan,Compartment B,Luxembourg,DIS.MI
DANIELI & C,IT0000076502,Euronext Milan,Compartment A,Italy,DAN.MI
DATALOGIC,IT0004053440,Euronext Milan,Compartment B,Italy,DAL.MI
DATRIX,IT0005468357,Euronext Growth Milan,Euronext Growth,Italy,DATA.MI
DBA GROUP,IT0005285942,Euronext Growth Milan,Euronext Growth,Italy,DBA.MI
DBT,FR001400LO86,Euronext Growth Paris,Euronext Growth,France,ALDBT.PA
DBV TECHNOLOGIES,FR0010417345,Euronext Paris,Compartment B,France,DBV.PA
DECEUNINCK,BE0003789063,Euronext Brussels,Compartment B,Belgium,DECB.BR
DEDEM,IT0005659724,Euronext Growth Milan,Euronext Growth,Italy,DDM.MI
DEEP VALUE DRILLER AS,NO0010955917,Euronext Growth Oslo,Euronext Growth,Norway,DVD.OL
DEEZER,FR001400AYG6,Euronext Paris,Compartment B,France,DEEZR.PA
DEKUPLE,FR0000062978,Euronext Paris,Compartment C,France,DKUPL.PA
DELFINGEN INDUSTRY,FR0000054132,Euronext Growth Paris,Euronext Growth,France,ALDEL.PA
DELLIA GROUP,NO0012697095,Oslo Bors,Compartment C,Norway,DELIA.OL
DELTA PLUS GROUP,FR0013283108,Euronext Growth Paris,Euronext Growth,France,ALDLT.PA
DEODATO.GALLERY,IT0005528937,Euronext Growth Milan,Euronext Growth,Italy,ART.MI
DERICHEBOURG,FR0000053381,Euronext Paris,Compartment B,France,DBG.PA
DESERT CONTROL AS,NO0010963275,Euronext Growth Oslo,Euronext Growth,Norway,DSRT.OL
DESTINATION ITALIA,IT0005454027,Euronext Growth Milan,Euronext Growth,Italy,DIT.MI
DEVERNOIS,FR0000060840,Euronext Growth Paris,Euronext Growth,France,ALDEV.PA
DEXELANCE,IT0005543480,Euronext Milan,Compartment B,Italy,DEX.MI
DHH,IT0005203622,Euronext Growth Milan,Euronext Growth,Italy,DHH.MI
DIADEMA CAPITAL,IT0005605636,Euronext Growth Milan,Euronext Growth,Italy,DIAD.MI
DIAGNOSTIC MEDICAL SYSTEMS,FR0012202497,Euronext Growth Paris,Euronext Growth,France,ALDMS.PA
DIGITAL BROS,IT0001469995,Euronext Milan,Compartment B,Italy,DIB.MI
DIGITAL VALUE,IT0005347429,Euronext Milan,Compartment B,Italy,DGV.MI
DIGITOUCH,IT0005089476,Euronext Growth Milan,Euronext Growth,Italy,DGT.MI
DIRECTA SIM,IT0001463063,Euronext Growth Milan,Euronext Growth,Italy,D.MI
DISTRIBUZIONE ELETTRICA ADRIATICA,IT0005600249,Euronext Growth Milan,Euronext Growth,Italy,DEA.MI
DNO,NO0003921009,Oslo Bors,Compartment B,Norway,DNO.OL
DNXCORP,FR0010436584,Euronext Growth Paris,Euronext Growth,France,ALDNX.PA
DOCK.PETR.AMBES AM,FR0000065260,Euronext Paris,Compartment C,France,DPAM.PA
DOF GROUP ASA,NO0012851874,Oslo Bors,Compartment B,Norway,DOFG.OL
DOLFINES,FR001400SP13,Euronext Growth Paris,Euronext Growth,France,ALDOL.PA
DOLPHIN DRILLING AS,NO0013711739,Euronext Growth Oslo,Euronext Growth,Norway,DDRIL.OL
DONEGAL INVESTMENT GROUP PLC,IE000Y2HN3O9,Euronext Growth Dublin,Euronext Growth,Ireland,DQ7A.IR
DONTNOD Entertainment,FR0013331212,Euronext Growth Paris,Euronext Growth,France,ALDNE.PA
DOTSTAY,IT0005523839,Euronext Growth Milan,Euronext Growth,Italy,DOT.MI
DOVALUE,IT0005610958,Euronext Milan,Compartment B,Italy,DOV.MI
DOXEE,IT0005394413,Euronext Growth Milan,Euronext Growth,Italy,DOX.MI
DRONE VOLT,FR001400SVN0,Euronext Growth Paris,Euronext Growth,France,ALDRV.PA
DYNAFOND,FR0000052920,Euronext Access Paris,Euronext Access,France,
E.P.H.,IT0005623845,Euronext Milan,Compartment C,Italy,EPH.MI
E.T.S. Engineering and Technical Services,IT0005669558,Euronext Growth Milan,Euronext Growth,Italy,ETS.MI
EAGLE FOOTBALL GROUP,FR0010428771,Euronext Paris,Compartment B,France,EFG.PA
EAM SOLAR AS,NO0013601245,Oslo Bors,Euronext Growth,Norway,EAM.OL
EASE2PAY NV,NL0000345627,Euronext Amsterdam,Compartment C,Netherlands,EAS2P.AS
EAUX DE ROYAN,FR0007200100,Euronext Access Paris,Euronext Access,France,MLEDR.PA
EAVS,FR0010536185,Euronext Access Paris,Euronext Access,France,
EBUSCO HOLDING N.V.,NL0015002AG2,Euronext Amsterdam,Compartment B,Netherlands,EBUS.AS
ECOMEMBRANE,IT0005543332,Euronext Growth Milan,Euronext Growth,Italy,ECMB.MI
ECOMIAM SA,FR0013534617,Euronext Growth Paris,Euronext Growth,France,ALECO.PA
ECONOCOM GROUP,BE0974313455,Euronext Brussels,Compartment B,Belgium,ECONB.BR
ECOSLOPS,FR0011490648,Euronext Growth Paris,Euronext Growth,France,FR0011490648.SG
ECOSUNTEK,IT0005654766,Euronext Growth Milan,Euronext Growth,Italy,ECK.MI
EDGELAB,IT0005627762,Euronext Growth Milan,Euronext Growth,Italy,ELB.MI
EDIL SAN FELICE,IT0005561441,Euronext Growth Milan,Euronext Growth,Italy,ESF.MI
EDILIZIACROBATICA,IT0005351504,Euronext Growth Milan,Euronext Growth,Italy,EDAC.MI
EDITIONS DU SIGNE,FR0000052755,Euronext Access Paris,Euronext Access,France,MLEDS.PA
EDUFORM'ACTION,FR0010882886,Euronext Access Paris,Euronext Access,France,MLEFA.PA
EGIDE,FR0000072373,Euronext Growth Paris,Euronext Growth,France,ALGID.PA
E-GLOBE,IT0005557514,Euronext Growth Milan,Euronext Growth,Italy,EGB.MI
EGOMNIA,IT0005586497,Euronext Growth Milan,Euronext Growth,Italy,
EIDESVIK OFFSHORE,NO0010263023,Oslo Bors,Compartment C,Norway,EIOF.OL
EKINOPS,FR0011466069,Euronext Paris,Compartment C,France,EKI.PA
EKOPAK NV,BE0974380124,Euronext Brussels,Compartment B,Belgium,BE0974380124.SG
EL.EN.,IT0005453250,Euronext Milan,Compartment B,Italy,ELN.MI
ELEC.STRASBOURG,FR0000031023,Euronext Paris,Compartment B,France,ELEC.PA
ELECTRICITE ET EAUX DE MADAGASCAR,FR0000035719,Euronext Paris,Compartment C,France,EEM.PA
ELECTROMAGNETIC GEOSERVICES,NO0010358484,Oslo Bors,Compartment C,Norway,EMGS.OL
ELEKTROIMPORTØREN AS,NO0010911902,Euronext Growth Oslo,Euronext Growth,Norway,ELIMP.OL
ELES,IT0005373417,Euronext Growth Milan,Euronext Growth,Italy,ELES.MI
ELICA,IT0003404214,Euronext Milan,Compartment C,Italy,ELC.MI
ELIOR GROUP,FR0011950732,Euronext Paris,Compartment B,France,ELIOR.PA
ELKEM,NO0010816093,Oslo Bors,Compartment A,Norway,ELK.OL
ELLIPTIC LABORATORIES ASA,NO0010722283,Oslo Bors,Compartment B,Norway,ELABS.OL
ELMERA GROUP ASA,NO0010815673,Oslo Bors,Compartment B,Norway,ELMRA.OL
ELOPAK ASA,NO0011002586,Oslo Bors,Compartment B,Norway,NO0011002586.SG
ELSA SOLUTIONS,IT0005561466,Euronext Growth Milan,Euronext Growth,Italy,ELSA.MI
EMAK,IT0001237053,Euronext Milan,Compartment B,Italy,EM.MI
EMBENTION SISTEMAS INTELIGENTES SA,ES0105639001,Euronext Access Paris,Euronext Access,Spain,MLUAV.PA
EMEIS,FR001400NLM4,Euronext Paris,Compartment A,France,EMEIS.PA
EMMA VILLAS,IT0005562183,Euronext Growth Milan,Euronext Growth,Italy,EAV.MI
EMOVA GROUP,FR0013356755,Euronext Growth Paris,Euronext Growth,France,ALEMV.PA
ENA (ex-S.I.F. ITALIA),IT0005468290,Euronext Growth Milan,Euronext Growth,Italy,ENA.MI
ENAV,IT0005176406,Euronext Milan,Compartment A,Italy,ENAV.MI
ENCRES DUBUIT,FR0004030708,Euronext Growth Paris,Euronext Growth,France,ALDUB.PA
ENDÚR,NO0012555459,Oslo Bors,Compartment C,Norway,ENDUR.OL
ENENSYS,FR0013330792,Euronext Growth Paris,Euronext Growth,France,ALNN6.PA
ENERGEIA AS,NO0013698431,Euronext Growth Oslo,Euronext Growth,Norway,ENERG.OL
ENERGISME,FR0013399359,Euronext Growth Paris,Euronext Growth,France,ALNRG.PA
ENERGY,IT0005500712,Euronext Growth Milan,Euronext Growth,Italy,ENY.MI
ENERGY SOLAR TECH,ES0105687000,Euronext Growth Paris,Euronext Growth,Spain,ETC.MC
ENERGY TIME,IT0005660219,Euronext Growth Milan,Euronext Growth,Italy,ET.MI
ENERGYVISION ,BE0974499312,Euronext Paris,Compartment B,Belgium,ENRGY.BR
ENERTRONICA SANTERNO,IT0004887409,Euronext Growth Milan,Euronext Growth,Italy,
ENERVIT,IT0004356751,Euronext Milan,Compartment C,Italy,ENV.MI
ENOGIA,FR0014004974,Euronext Growth Paris,Euronext Growth,France,ALENO.PA
E-NOVIA,IT0005391229,Euronext Growth Milan,Euronext Growth,Italy,
ENSURGE MICROPOWER ASA,NO0013186460,Oslo Bors,Compartment C,Norway,ENSU.OL
ENTECH,FR0014004362,Euronext Growth Paris,Euronext Growth,France,ALESE.PA
ENTRA,NO0010716418,Oslo Bors,Compartment A,Norway,ENTRA.OL
ENVIPCO,NL0015000GX8,Euronext Amsterdam,Compartment C,Netherlands,ENVI.AS
EO2,FR0010465534,Euronext Growth Paris,Euronext Growth,France,ALEO2.PA
E-PANGO,FR0014004339,Euronext Growth Paris,Euronext Growth,France,ALAGO.PA
EPRCOMUNICAZIONE,IT0005519837,Euronext Growth Milan,Euronext Growth,Italy,EPRB.MI
EQUASENS,FR0012882389,Euronext Paris,Compartment B,France,EQS.PA
EQUITA GROUP,IT0005312027,Euronext Milan,Compartment B,Italy,EQUI.MI
EQVA ASA,NO0010708605,Oslo Bors,Compartment C,Norway,EQVA.OL
ER CAPITAL N.V.,NL0010389508,Euronext Amsterdam,Compartment C,Netherlands,ERC.AS
ERAMET,FR0000131757,Euronext Paris,Compartment A,France,ERA.PA
ERREDUE,IT0005521247,Euronext Growth Milan,Euronext Growth,Italy,RDUE.MI
ESAUTOMOTION,IT0005337107,Euronext Growth Milan,Euronext Growth,Italy,ESAU.MI
ESI,IT0005421885,Euronext Growth Milan,Euronext Growth,Italy,ESIGM.MI
ESPE,IT0005573818,Euronext Growth Milan,Euronext Growth,Italy,ESPE.MI
ESPRINET,IT0003850929,Euronext Milan,Compartment B,Italy,PRT.MI
Estoril-Sol SGPS-Nominativas,PTESO0AM0000,Euronext Lisbon,Compartment C,Portugal,ESON.LS
ESTRIMA,IT0005468191,Euronext Growth Milan,Euronext Growth,Italy,ESTM.MI
ETHERO,FR0010424697,Euronext Growth Paris,Euronext Growth,France,FR0010424697.SG
EUKEDOS,IT0004818297,Euronext Milan,Compartment C,Italy,EUK.MI
EURASIA GROUPE,FR0010844001,Euronext Growth Paris,Euronext Growth,France,
EUROAPI SA,FR0014008VX5,Euronext Paris,Compartment B,France,EAPI.PA
EUROBIO-SCIENTIFIC,FR0013240934,Euronext Growth Paris,Euronext Growth,France,ALERS.PA
EUROFINS CEREP,FR0013256518,Euronext Growth Paris,Euronext Growth,France,ALECR.PA
EUROGROUP LAMINATIONS,IT0005527616,Euronext Milan,Compartment B,Italy,EGLA.MI
EUROLAND CORPORATE,FR0010157115,Euronext Growth Paris,Euronext Growth,France,ALERO.PA
EUROPACORP,FR0010490920,Euronext Growth Paris,Euronext Growth,France,ALECP.PA
European Medical Solutions,BE0974497290,Euronext Growth Brussels,Euronext Growth,Belgium,ALEMS.BR
EUROPLASMA,FR0014011QJ8,Euronext Growth Paris,Euronext Growth,France,ALEUP.PA
EUROPRIS,NO0010735343,Oslo Bors,Compartment A,Norway,EPR.OL
EUROTECH,IT0003895668,Euronext Milan,Compartment C,Italy,ETH.MI
EUTELSAT COMMUNIC.,FR0010221234,Euronext Paris,Compartment A,France,ETL.PA
EVISO,IT0005430936,Euronext Growth Milan,Euronext Growth,Italy,EVISO.MI
EVS BROADC.EQUIPM.,BE0003820371,Euronext Brussels,Compartment B,Belgium,EVS.BR
EXACOMPTA CLAIREFONTAINE,FR0000064164,Euronext Growth Paris,Euronext Growth,France,ALEXA.PA
EXACT THERAPEUTICS,NO0010852213,Euronext Growth Oslo,Euronext Growth,Norway,EXTX.OL
EXAIL TECHNOLOGIES,FR0000062671,Euronext Paris,Compartment B,France,EXA.PA
EXECUS,IT0005557530,Euronext Growth Milan,Euronext Growth,Italy,EXEC.MI
EXEL INDUSTRIES,FR0004527638,Euronext Paris,Compartment B,France,EXE.PA
EXMAR ord.,BE0003808251,Euronext Brussels,Compartment B,Belgium,EXM.BR
EXOSENS,FR001400Q9V2,Euronext Paris,Compartment A,France,EXENS.PA
EXPERT.AI,IT0004496029,Euronext Growth Milan,Euronext Growth,Italy,EXAI.MI
EXPLOSIFS PROD.CHI,FR0014003AQ4,Euronext Paris,Compartment B,France,EXPL.PA
FACEPHI,ES0105029005,Euronext Growth Paris,Euronext Growth,Spain,FACE.MC
FAE TECHNOLOGY,IT0005500688,Euronext Growth Milan,Euronext Growth,Italy,FAE.MI
FAGRON,BE0003874915,Euronext Brussels,Compartment A,Belgium,FAGR.BR
FARMACOSMO,IT0005487670,Euronext Growth Milan,Euronext Growth,Italy,COSMO.MI
FARMINVESTE,PTFNV1AM0002,Euronext Access Lisbon,Euronext Access,Portugal,MLFMV.LS
FBD HOLDINGS PLC,IE0003290289,Euronext Dublin,Compartment B,Ireland,EG7.IR
FD,FR0012300424,Euronext Access Paris,Euronext Access,France,MLFDV.PA
FERM.CASINO MUNICIPAL CANNES,FR0000062101,Euronext Paris,Compartment B,France,FCMC.PA
FERMENTALG,FR0011271600,Euronext Growth Paris,Euronext Growth,France,ALGAE.PA
FERRETTI,IT0005383291,Euronext Milan,Compartment B,Italy,YACHT.MI
FIDIA,IT0005654683,Euronext Milan,Compartment C,Italy,FDA.MI
FIDUCIAL OFF.SOL.,FR0000061418,Euronext Paris,Compartment C,France,SACI.PA
FIDUCIAL REAL EST.,FR0000060535,Euronext Paris,Compartment B,France,ORIA.PA
FIERA MILANO,IT0003365613,Euronext Milan,Compartment B,Italy,FM.MI
FIGEAC AERO,FR0011665280,Euronext Paris,Compartment B,France,FGA.PA
FILA,IT0004967292,Euronext Milan,Compartment B,Italy,FILA.MI
FILL UP MEDIA S.A.,FR001400AEM6,Euronext Growth Paris,Euronext Growth,France,ALFUM.PA
FINANCIERE MARJOS,FR0000060824,Euronext Paris,Compartment C,France,FINM.PA
FINANZA.TECH,IT0005475162,Euronext Growth Milan,Euronext Growth,Italy,FTC.MI
FINAXO ENVIRONNEMENT,FR0010487272,Euronext Access Paris,Euronext Access,France,MLFXO.PA
FINCANTIERI,IT0005599938,Euronext Milan,Compartment B,Italy,FCT.MI
FINE FOODS & PHARMACEUTICALS NTM,IT0005215329,Euronext Milan,Compartment B,Italy,FF.MI
FIRST CAPITAL,IT0005252736,Euronext Growth Milan,Euronext Growth,Italy,FIC.MI
FJORD DEFENCE GROUP ASA,NO0013647693,Oslo Bors,Compartment C,Norway,DFENS.OL
FLEKKEFJORD SPAREB,NO0013209858,Euronext Growth Oslo,Euronext Growth,Norway,FFSB.OL
FLEURY MICHON,FR0000074759,Euronext Growth Paris,Euronext Growth,France,FR0000074759.SG
FLEXDEAL,PTFXD0AM0018,Euronext Lisbon,Compartment C,Portugal,FLEXD.LS
FLORENTAISE S.A.,FR001400GO75,Euronext Growth Paris,Euronext Growth,France,ALFLO.PA
FLORIDIENNE,BE0974502347,Euronext Brussels,Compartment B,Belgium,FLOB.BR
FLOWSPARKS,BE0003847648,Euronext Access Brussels,Euronext Access,Belgium,FLSP.BR
FLUXYS BELGIUM,BE0974265945,Euronext Brussels,Compartment B,Belgium,FLUX.BR
FNAC DARTY,FR0011476928,Euronext Paris,Compartment B,France,FNAC.PA
FNM,IT0000060886,Euronext Milan,Compartment B,Italy,FNM.MI
FNP TECHNOLOGIES SA,FR0013230067,Euronext Access Paris,Euronext Access,France,MLFNP.PA
FONCIERE 7 INVEST,FR0000065930,Euronext Paris,Compartment C,France,LEBL.PA
FONCIERE VINDI,FR0011605617,Euronext Access Paris,Euronext Access,France,MLVIN.PA
FONCIERE VOLTA,FR0000053944,Euronext Paris,Compartment C,France,SPEL.PA
FOPE,IT0005203424,Euronext Growth Milan,Euronext Growth,Italy,FPE.MI
FORFARMERS,NL0011832811,Euronext Amsterdam,Compartment B,Netherlands,FFARM.AS
FORSEE POWER,FR0014005SB3,Euronext Growth Paris ,Euronext Growth,France,
FORVIA,FR0000121147,Euronext Paris,Compartment A,France,FRVIA.PA
FOUNTAIN,BE0003752665,Euronext Brussels,Compartment C,Belgium,FOU.BR
FOUNTAINE PAJOT,FR0010485268,Euronext Growth Paris,Euronext Growth,France,ALFPC.PA
FRANCAISE ENERGIE,FR0013030152,Euronext Paris,Compartment B,France,FDE.PA
FRANCE TOURISME IMMOBILIER,FR0010823724,Euronext Access Paris,Euronext Access,France,MLFTI.PA
FRANCHETTI,IT0005508574,Euronext Growth Milan,Euronext Growth,Italy,FCH.MI
FRANCHI UMBERTO MARMI,IT0005335754,Euronext Growth Milan,Euronext Growth,Italy,FUM.MI
FREELANCE.COM,FR0004187367,Euronext Growth Paris,Euronext Growth,France,ALFRE.PA
FRENDY ENERGY,IT0004819857,Euronext Growth Milan,Euronext Growth,Italy,FRE.MI
FSDV,FR0000031973,Euronext Paris,Compartment C,France,FSDV.PA
FUGRO,NL00150003E1,Euronext Amsterdam,Compartment A,Netherlands,FUR.AS
FUT.CLUBE PORTO,PTFCP0AM0008,Euronext Lisbon,Compartment C,Portugal,FCP.LS
G.A.I.,FR0000053415,Euronext Access Paris,Euronext Access,France,MLGAI.PA
G.M. LEATHER,IT0005498610,Euronext Growth Milan,Euronext Growth,Italy,GML.MI
GABETTI,IT0005023038,Euronext Milan,Compartment C,Italy,GAB.MI
gAIn360,IT0005672461,Euronext Growth Milan,Euronext Growth,Italy,GAIN.MI
GALAPAGOS,BE0003818359,Euronext Amsterdam,Compartment A,Belgium,GLPG.AS
GALEO,FR0011100759,Euronext Access Paris,Euronext Access,France,MLGAL.PA
GAMBERO ROSSO,IT0005122392,Euronext Growth Milan,Euronext Growth,Italy,GAMB.MI
GAROFALO HEALTH CARE,IT0005345233,Euronext Milan,Compartment B,Italy,GHC.MI
GAS PLUS,IT0004098510,Euronext Milan,Compartment C,Italy,GSP.MI
GASCOGNE,FR0000124414,Euronext Growth Paris,Euronext Growth,France,ALBI.PA
GAUMONT,FR0000034894,Euronext Paris,Compartment B,France,GAM.PA
GEA GRENOBL.ELECT.,FR0000053035,Euronext Paris,Compartment C,France,GEA.PA
GECI INTL,FR001400M1R1,Euronext Growth Paris,Euronext Growth,France,ALGEC.PA
GEFRAN,IT0003203947,Euronext Milan,Compartment C,Italy,GE.MI
GEL,IT0005312365,Euronext Growth Milan,Euronext Growth,Italy,GEL.MI
GENERALFINANCE,IT0005144784,Euronext Milan,Compartment C,Italy,GF.MI
GENFIT,FR0004163111,Euronext Paris,Compartment B,France,GNFT.PA
GENOWAY,FR0004053510,Euronext Growth Paris,Euronext Growth,France,ALGEN.PA
GENSIGHT BIOLOGICS,FR0013183985,Euronext Paris,Compartment C,France,SIGHT.PA
GENTIAN DIAGNOSTICS ASA,NO0010748866,Oslo Bors,Compartment C,Norway,GENT.OL
GENTILI MOSCONI,IT0005531261,Euronext Growth Milan,Euronext Growth,Italy,GM.MI
GENTLEMEN'S EQUITY SA,PTGVE1AE0009,Euronext Access Paris,Euronext Access,Portugal,MLGEQ.PA
GEOX,IT0003697080,Euronext Milan,Compartment B,Italy,GEO.MI
GEVELOT,FR0000033888,Euronext Growth Paris,Euronext Growth,France,ALGEV.PA
GIGANTE SALMON AS,NO0011013765,Euronext Growth Oslo,Euronext Growth,Norway,GIGA.OL
GIGLIO.COM,IT0005453003,Euronext Growth Milan,Euronext Growth,Italy,GCOM.MI
GIMV,BE0003699130,Euronext Brussels,Compartment A,Belgium,GIMB.BR
GIOCAMONDO STUDY,IT0005652489,Euronext Growth Milan,Euronext Growth,Italy,GMS.MI
GISMONDI 1754,IT0005391138,Euronext Growth Milan,Euronext Growth,Italy,GIS.MI
GL EVENTS,FR0000066672,Euronext Paris,Compartment B,France,GLO.PA
GLASS TO POWER S.P.A.,IT0005613739,Euronext Access Paris,Euronext Access,Italy,
GLENVEAGH PROPERTIES PLC,IE00BD6JX574,Euronext Dublin,Compartment B,Ireland,IE00BD6JX574.SG
GLINT,PTPAD0AM0007,Euronext Lisbon,Compartment C,Portugal,GLINT.LS
GOLD BY GOLD,FR0011208693,Euronext Growth Paris,Euronext Growth,France,ALGLD.PA
GOLDEN ENERGY OFFSHORE SERVICES ASA,NO0013228585,Euronext Growth Oslo,Euronext Growth,Norway,GEOS.OL
GOODTECH,NO0004913609,Oslo Bors,Compartment C,Norway,GOD.OL
GPE GROUP PIZZORNO,FR0010214064,Euronext Paris,Compartment B,France,GPE.PA
GPI,IT0005221517,Euronext Milan,Compartment B,Italy,GPI.MI
GRAINES VOLTZ,FR0000065971,Euronext Paris,Compartment C,France,GRVO.PA
GREAT WESTERN MINING CORPORATION PLC,IE000T78CHJ8,Euronext Growth Dublin,Euronext Growth,Ireland,GWMO.L
GREEN EARTH GROUP N.V.,NL0009169515,Euronext Amsterdam,Compartment C,Netherlands,EARTH.AS
GREEN MINERALS AS,NO0010907744,Euronext Growth Oslo,Euronext Growth,Norway,NO0010907744.SG
GREEN OLEO,IT0005549768,Euronext Growth Milan,Euronext Growth,Italy,GRN.MI
GREENCOAT RENEWABLES PLC,IE00BF2NR112,Euronext Growth Dublin,Euronext Growth,Ireland,GRP.IR
GRIEG SEAFOOD,NO0010365521,Oslo Bors,Compartment B,Norway,GSF.OL
GRIFAL,IT0005332595,Euronext Growth Milan,Euronext Growth,Italy,GRAL.MI
GROLLEAU,FR0014005ZM5,Euronext Growth Paris,Euronext Growth,France,ALGRO.PA
GRONG SPAREBANK,NO0010636491,Euronext Growth Oslo,Euronext Growth,Norway,GRONG.OL
GROUPE AIRWELL,FR0014003V77,Euronext Growth Paris,Euronext Growth,France,ALAIR.PA
GROUPE CARNIVOR,FR0000076960,Euronext Access Paris,Euronext Access,France,MLGRC.PA
GROUPE CRIT,FR0000036675,Euronext Paris,Compartment B,France,CEN.PA
GROUPE GUILLIN,FR0012819381,Euronext Growth Paris,Euronext Growth,France,ALGIL.PA
GROUPE JAJ,FR0004010338,Euronext Paris,Compartment C,France,GJAJ.PA
GROUPE LDLC,FR0000075442,Euronext Growth Paris,Euronext Growth,France,ALLDL.PA
GROUPE OKWIND,FR0013439627,Euronext Growth Paris,Euronext Growth,France,ALOKW.PA
GROUPE PARTOUCHE,FR0012612646,Euronext Paris,Compartment B,France,PARP.PA
GROUPE PLUS-VALUES,FR0010529719,Euronext Access Paris,Euronext Access,France,
GROUPE SFPI,FR0004155000,Euronext Paris,Compartment B,France,SFPI.PA
GROUPE TERA,FR0013429404,Euronext Growth Paris,Euronext Growth,France,ALGTR.PA
GROUPIMO,FR0014000RP6,Euronext Growth Paris,Euronext Growth,France,ALIMO.PA
GROWENS,IT0005040354,Euronext Growth Milan,Euronext Growth,Italy,GROW.MI
GT TALENT GROUP,IT0005607699,Euronext Growth Milan,Euronext Growth,Italy,
GUERBET,FR0000032526,Euronext Paris,Compartment B,France,GBT.PA
GUILLEMOT,FR0000066722,Euronext Paris,Compartment C,France,GUI.PA
GVS,IT0005411209,Euronext Milan,Compartment B,Italy,GVS.MI
GYLDENDAL,NO0004288200,Oslo Bors,Compartment C,Norway,GYL.OL
HAFFNER ENERGY,FR0014007ND6,Euronext Growth Paris,Euronext Growth,France,ALHAF.PA
HAIKI+,IT0005628778,Euronext Growth Milan,Euronext Growth,Italy,HIK.MI
HAUGESUND SPB,NO0010764053,Oslo Bors,Compartment C,Norway,HGSB.OL
HAULOTTE GROUP,FR0000066755,Euronext Paris,Compartment C,France,PIG.PA
HAV GROUP ASA,NO0010931918,Euronext Growth Oslo,Euronext Growth,Norway,HAV.OL
HAVAS,NL0015002K83,Euronext Amsterdam,Compartment A,France,HAVAS.AS
HAVILA KYSTRUTEN AS,NO0013696799,Euronext Growth Oslo,Euronext Growth,Norway,HKY.OL
HAVILA SHIPPING,NO0010257728,Oslo Bors,Compartment C,Norway,HAVI.OL
HAWICK DATA NV,NL0010556726,Euronext Amsterdam,Compartment C,Netherlands,HWK.AS
HEALTH ITALIA,IT0005585861,Euronext Growth Milan,Euronext Growth,Italy,HI.MI
HELYX INDUSTRIES (ex Ulisse Biomed S.p.A.),IT0005451213,Euronext Growth Milan,Euronext Growth,Italy,HLX.MI
HERIGE,FR0000066540,Euronext Growth Paris,Euronext Growth,France,ALHRG.PA
HERMANA HOLDING ASA,NO0013401380,Oslo Bors,Compartment C,Norway,HERMA.OL
HEXAGON COMPOSITES,NO0003067902,Oslo Bors,Compartment B,Norway,HEX.OL
HEXAGON PURUS ASA,NO0010904923,Oslo Bors,Compartment B,Norway,HPUR.OL
HEXAOM,FR0004159473,Euronext Growth Paris,Euronext Growth,France,ALHEX.PA
HF COMPANY,FR0000038531,Euronext Growth Paris,Euronext Growth,France,ALHF.PA
H-FARM,IT0004674666,Euronext Growth Milan,Euronext Growth,Italy,FARM.MI
HIGH CO,FR0000054231,Euronext Paris,Compartment C,France,HCO.PA
HIGH QUALITY FOOD,IT0005450694,Euronext Growth Milan,Euronext Growth,Italy,HQF.MI
HIPAY GROUP,FR0012821916,Euronext Growth Paris,Euronext Growth,France,ALHYP.PA
HITECHPROS,FR0010396309,Euronext Growth Paris,Euronext Growth,France,ALHIT.PA
HK,DE000A11Q133,Euronext Access Paris,Euronext Access,Germany,MLHK.PA
HOCHE BAINS L.BAIN,FR0000051302,Euronext Access Paris,Euronext Access,France,MLHBB.PA
HOEGH AUTOLINERS ASA,NO0011082075,Oslo Bors,Compartment A,Norway,HAUTO.OL
HOFFMANN,FR0013451044,Euronext Growth Paris,Euronext Growth,France,FR0013451044.SG
HOFSETH BIOCARE,NO0010598683,Oslo Bors,Compartment C,Norway,HBC.OL
HØLAND OG SETSKOG,NO0010012636,Oslo Bors,Compartment C,Norway,HSPG.OL
Holland Colours,NL0000440311,Euronext Amsterdam,Compartment C,Netherlands,HOLCO.AS
HOME CONCEPT,FR0012336691,Euronext Access Paris,Euronext Access,France,
HOPENING,FR0010312181,Euronext Access Paris,Euronext Access,France,MLHPE.PA
HOPIUM,FR0014010QE1,Euronext Growth Paris,Euronext Growth,France,ALHPI.PA
HOPSCOTCH GROUPE,FR0000065278,Euronext Growth Paris,Euronext Growth,France,ALHOP.PA
HOT.MAJESTIC CANNE,FR0006226791,Euronext Access Paris,Euronext Access,France,MLHMC.PA
HOTELES BESTPRICE,ES0105664009,Euronext Access Paris,Euronext Access,Spain,MLHBP.PA
HOTELIM,FR0000053738,Euronext Access Paris,Euronext Access,France,MLHOT.PA
HOTELS DE PARIS,FR0004165801,Euronext Paris,Compartment C,France,HDP.PA
HOTL.IMMOB.NICE,FR0006563904,Euronext Access Paris,Euronext Access,France,MLHIN.PA
HUDDLESTOCK FINTECH,NO0010859648,Euronext Growth Oslo,Euronext Growth,Norway,NO0010859648.SG
HUDDLY AS,NO0013470534,Euronext Growth Oslo,Euronext Growth,Norway,HDLY.OL
HUNTER GROUP,NO0012953720,Oslo Bors,Compartment C,Norway,HUNT.OL
HUNYVERS,FR0014007LQ2,Euronext Growth Paris,Euronext Growth,France,ALHUN.PA
HYDRATEC Gewone aandelen,NL0009391242,Euronext Amsterdam,Compartment C,Netherlands,HYDRA.AS
HYDRAULIQUE HOLDING,FR0000064735,Euronext Access Paris,Euronext Access,France,MLHYD.PA
HYDRO-EXPLOIT.,FR0005843125,Euronext Access Paris,Euronext Access,France,
HYDROGENE DE FRANCE,FR0014003VY4,Euronext Paris,Compartment B,France,HDF.PA
HYDROGENPRO ASA,NO0010892359,Oslo Bors,Compartment C,Norway,NO0010892359.SG
HYDROGEN-REFUELING-SOLUTIONS,FR0014001PM5,Euronext Growth Paris,Euronext Growth,France,ALHRS.PA
HYLORIS,BE0974363955,Euronext Brussels,Compartment B,Belgium,HYL.BR
HYNION AS,NO0010920945,Euronext Growth Oslo,Euronext Growth,Norway,HYN.OL
I GRANDI VIAGGI,IT0005108219,Euronext Milan,Compartment C,Italy,IGV.MI
I.CO.P.,IT0001214433,Euronext Growth Milan,Euronext Growth,Italy,ICOP.MI
I.M.D. INTERNATIONAL MEDICAL DEVICES,IT0005549255,Euronext Growth Milan,Euronext Growth,Italy,IMD.MI
I2S,FR0005854700,Euronext Growth Paris,Euronext Growth,France,ALI2S.PA
Ibersol-SGPS,PTIBS0AM0008,Euronext Lisbon,Compartment B,Portugal,IBS.LS
ICAPE HOLDING,FR001400A3Q3,Euronext Growth Paris,Euronext Growth,France,ALICA.PA
ICELANDIC SALMON,NO0010724701,Euronext Growth Oslo,Euronext Growth,Norway,NO0010724701.SG
ID LOGISTICS GROUP,FR0010929125,Euronext Paris,Compartment A,France,IDL.PA
IDEX BIOMETRICS,NO0013536078,Oslo Bors,Compartment C,Norway,IDEX.OL
IDI,FR0000051393,Euronext Paris,Compartment B,France,IDIP.PA
IDS,FR0000079691,Euronext Access Paris,Euronext Access,France,MLIDS.PA
IEP INVEST,BE0003748622,Euronext Brussels,Compartment C,Belgium,IEP.BR
IKONISYS,FR00140048X2,Euronext Growth Paris,Euronext Growth,France,ALIKO.PA
ILLA,IT0005578395,Euronext Growth Milan,Euronext Growth,Italy,
ILPRA,IT0005359101,Euronext Growth Milan,Euronext Growth,Italy,ILP.MI
IMALLIANCE,FR0010086371,Euronext Access Paris,Euronext Access,France,MLIML.PA
IMEON ENERGY,FR001400QW73,Euronext Access Paris,Euronext Access,France,
IMM.PARIS.PERLE,FR0006859039,Euronext Access Paris,Euronext Access,France,
IMMERSION,FR0013060100,Euronext Growth Paris,Euronext Growth,France,ALIMR.PA
IMMOBEL,BE0003599108,Euronext Brussels,Compartment B,Belgium,IMMO.BR
IMMSI,IT0001413837,Euronext Milan,Compartment B,Italy,IMS.MI
IMPIANTI,IT0005518953,Euronext Growth Milan,Euronext Growth,Italy,MPT.MI
IMPLANET,FR0013470168,Euronext Growth Paris,Euronext Growth,France,ALIMP.PA
"Impresa, SGPS - Nom.",PTIPR0AM0000,Euronext Lisbon,Compartment C,Portugal,IPR.LS
IMPRIMERIE CHIRAT,FR0000065773,Euronext Access Paris,Euronext Access,France,MLIMP.PA
IMPULSE FITNESS SOLUTIONS S.A.,ES0105590006,Euronext Access Paris,Euronext Access,Spain,MLIFS.PA
INCLUSIO SA/NV,BE0974374069,Euronext Brussels,Compartment C,Belgium,BE0974374069.SG
INDEL B,IT0005245508,Euronext Milan,Compartment C,Italy,INDB.MI
INDUCT,NO0010536048,Euronext Growth Oslo,Euronext Growth,Norway,INDCT.OL
INDUSTRIE CHIMICHE FORESTALI,IT0005416281,Euronext Growth Milan,Euronext Growth,Italy,ICF.MI
INDUSTRIE DE NORA,IT0005186371,Euronext Milan,Compartment B,Italy,DNR.MI
INFOCLIP,FR0011158823,Euronext Access Paris,Euronext Access,France,MLIFC.PA
INFOTEL,FR0000071797,Euronext Paris,Compartment B,France,INF.PA
INIFY LABORATORIES AB,SE0017486103,Euronext Growth Oslo,Euronext Growth,Sweden,INIFY.OL
ININ GROUP AS,NO0010864036,Euronext Growth Oslo,Euronext Growth,Norway,NO0010864036.SG
INIZIATIVE BRESCIANE,IT0005037905,Euronext Growth Milan,Euronext Growth,Italy,IB.MI
INMOLECULE NANOTECH,ES0105908000,Euronext Access Paris,Euronext Access,Spain,
INNATE PHARMA,FR0010331421,Euronext Paris,Compartment B,France,IPH.PA
INNELEC MULTIMEDIA,FR0000064297,Euronext Growth Paris,Euronext Growth,France,ALINN.PA
INNOVATEC,IT0005412298,Euronext Growth Milan,Euronext Growth,Italy,IT0005412298.SG
INNOVATIVE RFK SPA,IT0005391161,Euronext Access Paris,Euronext Access,Italy,MLIRF.PA
INSTABANK,NO0010762792,Euronext Growth Oslo,Euronext Growth,Norway,INSTA.OL
INSTALLUX,FR0000060451,Euronext Growth Paris,Euronext Growth,France,ALLUX.PA
INTEGRAGEN,FR0010908723,Euronext Growth Paris,Euronext Growth,France,ALINT.PA
INTEGRATED WIND SOLUTIONS ASA,NO0013461350,Euronext Growth Oslo,Euronext Growth,Norway,IWS.OL
INTEGRITAS VIAGER S.A.,FR0014003FN0,Euronext Access Paris,Euronext Access,France,
INTERCOS,IT0005455875,Euronext Milan,Compartment A,Italy,ICOS.MI
INTERNATIONAL CARE COMPANY,IT0005469371,Euronext Growth Milan,Euronext Growth,Italy,ICC.MI
INTEROIL EXPLORATION AND PRODUCTION,NO0013119255,Oslo Bors,Compartment C,Norway,IOX.OL
INTEXA,FR0000064958,Euronext Paris,Compartment C,France,ITXT.PA
INTRASENSE,FR0011179886,Euronext Growth Paris,Euronext Growth,France,ALINS.PA
INTRED,IT0005337818,Euronext Growth Milan,Euronext Growth,Italy,ITD.MI
INVENTIVA,FR0013233012,Euronext Paris,Compartment B,France,IVA.PA
INVIBES ADVERTISING N.V.,BE0974299316,Euronext Growth Paris,Euronext Growth,Belgium,ALINV.PA
ION BEAM APPLICATIONS,BE0003766806,Euronext Brussels,Compartment B,Belgium,IBAB.BR
IPSOS,FR0000073298,Euronext Paris,Compartment A,France,IPS.PA
IRCE,IT0001077780,Euronext Milan,Compartment C,Italy,IRC.MI
IRISH CONTINENTAL GROUP PLC,IE00BLP58571,Euronext Dublin,Compartment B,Ireland,ICGC.L
ISCC FINTECH,IT0005474108,Euronext Growth Milan,Euronext Growth,Italy,ISC.MI
ISPD NETWORK,ES0109429037,Euronext Growth Paris,Euronext Growth,Spain,ALISP.PA
IT LINK,FR0000072597,Euronext Growth Paris,Euronext Growth,France,ALITL.PA
IT WAY,IT0003057624,Euronext Milan,Compartment C,Italy,ITW.MI
ITALIAN EXHIBITION GROUP,IT0003411417,Euronext Milan,Compartment C,Italy,IEG.MI
ITALIAN WINE BRANDS,IT0005075764,Euronext Growth Milan,Euronext Growth,Italy,IWB.MI
ITALMOBILIARE,IT0005253205,Euronext Milan,Compartment A,Italy,ITM.MI
ITALY INNOVAZIONI,IT0005336521,Euronext Access Paris,Euronext Access,Italy,MLITN.PA
ITERA,NO0010001118,Oslo Bors,Compartment C,Norway,ITERA.OL
IVECO GROUP,NL0015000LU4,Euronext Milan,Compartment A,Netherlands,IVG.MI
IVISION TECH,IT0005554784,Euronext Growth Milan,Euronext Growth,Italy,IVN.MI
JACQUES BOGART,FR0012872141,Euronext Paris,Compartment C,France,JBOG.PA
JACQUET METALS,FR0000033904,Euronext Paris,Compartment B,France,JCQ.PA
JÆREN SPAREBANK,NO0010359433,Oslo Bors,Compartment C,Norway,JAREN.OL
JENSEN-GROUP,BE0003858751,Euronext Brussels,Compartment B,Belgium,JEN.BR
JUVENTUS FC,IT0005572778,Euronext Milan,Compartment B,Italy,JUVE.MI
KALDVIK AS,NO0010884794,Euronext Growth Oslo,Euronext Growth,Norway,KLDVK.OL
KALEON,IT0005678104,"Euronext Growth Paris, Milan",Euronext Growth,Italy,ALKLN.PA
KALRAY,FR0010722819,Euronext Growth Paris,Euronext Growth,France,ALKAL.PA
KAUFMAN ET BROAD,FR0004007813,Euronext Paris,Compartment B,France,KOF.PA
KENDRION N.V.,NL0000852531,Euronext Amsterdam,Compartment B,Netherlands,KENDR.AS
KENMARE RESOURCES PLC,IE00BDC5DG00,Euronext Dublin,Compartment B,Ireland,KMR.L
KERLINK,FR0013156007,Euronext Growth Paris,Euronext Growth,France,ALKLK.PA
KEYRUS,FR0004029411,Euronext Growth Paris,Euronext Growth,France,FR0004029411.SG
Keyware Technologies,BE0003880979,Euronext Brussels,Compartment C,Belgium,KEYW.BR
KID,NO0010743545,Oslo Bors,Compartment B,Norway,KID.OL
KINEPOLIS GROUP,BE0974274061,Euronext Brussels,Compartment A,Belgium,KIN.BR
KITRON,NO0003079709,Oslo Bors,Compartment B,Norway,KIT.OL
KKO INTERNATIONAL,FR0013374667,Euronext Growth Paris,Euronext Growth,France,ALKKO.PA
KLARSEN,FR0011038348,Euronext Growth Paris,Euronext Growth,France,ALKLA.PA
KLAVENESS COMBINATION CARRIERS,NO0010833262,Oslo Bors,Compartment B,Norway,KCC.OL
KLEA HOLDING,FR0013481835,Euronext Growth Paris,Euronext Growth,France,ALKLH.PA
KMC PROPERTIES ASA,NO0013637181,Oslo Bors,Compartment B,Norway,NO0013637181.SG
KME GROUP,IT0004552359,Euronext Milan,Compartment B,Italy,KME.MI
KOMPLETT ASA,NO0011016040,Oslo Bors,Compartment C,Norway,KOMPL.OL
KONGSBERG AUTOMOTIVE,NO0003033102,Oslo Bors,Compartment B,Norway,KOA.OL
Koninklijke BAM Groep N.V.,NL0000337319,Euronext Amsterdam,Compartment B,Netherlands,BAMNB.AS
KONINKLIJKE PORCELEYNE FLES,NL0000378669,Euronext Amsterdam,Compartment C,Netherlands,PORF.AS
KRAFT BANK ASA,NO0010815103,Euronext Growth Oslo,Euronext Growth,Norway,KRAB.OL
KRUSO KAPITAL,IT0005573800,Euronext Growth Milan,Euronext Growth,Italy,KK.MI
KUMULUS VAPE,FR0013419876,Euronext Growth Paris,Euronext Growth,France,FR0013419876.SG
L.D.C.,FR001400SF56,Euronext Paris,Compartment A,France,LOUP.PA
LABORATOIRES EUROMEDIS,FR0000075343,Euronext Growth Paris,Euronext Growth,France,ALEMG.PA
LABORATORIO FARMACEUTICO ERFO,IT0005497885,Euronext Growth Milan,Euronext Growth,Italy,ERFO.MI
LACROIX GROUP,FR0000066607,Euronext Paris,Compartment C,France,LACR.PA
L'AGENCE AUTOMOBILIERE S.A.,FR0014005WE9,Euronext Access Paris,Euronext Access,France,MLAA.PA
LANDI RENZO,IT0005619843,Euronext Milan,Compartment C,Italy,LNDR.MI
LANSON-BCC,FR0004027068,Euronext Growth Paris,Euronext Growth,France,ALLAN.PA
LARGO,FR0013308582,Euronext Growth Paris,Euronext Growth,France,ALLGO.PA
LATECOERE,FR001400JY13,Euronext Paris,Compartment B,France,LAT.PA
LAURENT-PERRIER,FR0006864484,Euronext Paris,Compartment B,France,LPE.PA
LAVIDE HOLDING,NL0010545679,Euronext Amsterdam,Compartment C,Netherlands,LVIDE.AS
LEBON,FR0000121295,Euronext Growth Paris,Euronext Growth,France,ALBON.PA
LECTRA,FR0000065484,Euronext Paris,Compartment A,France,LSS.PA
LEMON SISTEMI,IT0005573438,Euronext Growth Milan,Euronext Growth,Italy,LS.MI
LEONE FILM GROUP,IT0004973696,Euronext Growth Milan,Euronext Growth,Italy,LFG.MI
LEPERMISLIBRE S.A.,FR001400F2Z1,Euronext Growth Paris,Euronext Growth,France,ALLPL.PA
LES HOTELS BAVEREZ,FR0007080254,Euronext Growth Paris,Euronext Growth,France,ALLHB.PA
LEXIBOOK LINGUIST.,FR0000033599,Euronext Growth Paris,Euronext Growth,France,ALLEX.PA
LHYFE S.A.,FR0014009YQ1,Euronext Paris,Compartment B,France,LHYFE.PA
LIFECARE ASA,NO0013355859,Oslo Bors,Compartment C,Norway,LIFE.OL
LIGHTON,FR0013230950,Euronext Growth Paris,Euronext Growth,France,ALTAI.PA
LINDBERGH,IT0005469272,Euronext Growth Milan,Euronext Growth,Italy,LDB.MI
LINEDATA SERVICES,FR0004156297,Euronext Paris,Compartment B,France,LIN.PA
LINK MOBILITY GROUP HOLDING,NO0010894231,Oslo Bors,Compartment B,Norway,LINK.OL
LISI,FR0000050353,Euronext Paris,Compartment A,France,FII.PA
LITIX,IT0005600801,Euronext Growth Milan,Euronext Growth,Italy,LTX.MI
LLEIDA,ES0105089009,Euronext Growth Paris,Euronext Growth,Spain,ES0105089009.SG
LNA SANTE,FR0004170017,Euronext Paris,Compartment B,France,LNA.PA
LOCASYSTEM INTL,FR0004155208,Euronext Access Paris,Euronext Access,France,MLLOI.PA
LOGIC INSTRUMENT,FR0000044943,Euronext Growth Paris,Euronext Growth,France,ALLOG.PA
LOKOTECH GROUP AS,NO0010921299,Euronext Growth Oslo,Euronext Growth,Norway,LOKO.OL
LOMBARD ET MEDOT,FR0006205019,Euronext Access Paris,Euronext Access,France,MLCAC.PA
LONGINO&CARDENAL,IT0005337073,Euronext Growth Milan,Euronext Growth,Italy,LON.MI
LOUIS HACHETTE GROUP,FR001400TL40,Euronext Growth Paris,Euronext Growth,France,ALHG.PA
LUCIBEL,FR0014013HG9,Euronext Growth Paris,Euronext Growth,France,ALUCI.PA
LUCISANO MEDIA GROUP,IT0004522162,Euronext Growth Milan,Euronext Growth,Italy,LMG.MI
LUMI GRUPPEN AS,NO0010927288,Euronext Growth Oslo,Euronext Growth,Norway,LUMI.OL
LUMIBIRD,FR0000038242,Euronext Paris,Compartment B,France,LBIRD.PA
LUVE,IT0005107492,Euronext Milan,Compartment B,Italy,LUVE.MI
LYTIX BIOPHARMA AS,NO0010405780,Euronext Growth Oslo,Euronext Growth,Norway,NO0010405780.SG
M VEST WATER AS,NO0010976343,Euronext Growth Oslo,Euronext Growth,Norway,MVW.OL
MAAT PHARMA,FR0012634822,Euronext Paris,Compartment C,France,MAAT.PA
MACOMPTA.FR,FR001400NQB6,Euronext Access Paris,Euronext Access,France,MLMCA.PA
MAGILLEM DESIGN SERVICES,FR0010827741,Euronext Access Paris,Euronext Access,France,MLMGL.PA
MAGIS,IT0005525347,Euronext Growth Milan,Euronext Growth,Italy,MGS.MI
MAGNORA,NO0010187032,Oslo Bors,Compartment B,Norway,MGN.OL
MAIRE,IT0004931058,Euronext Milan,Compartment A,Italy,MAIRE.MI
MAISON CLIO BLUE,FR0011092089,Euronext Access Paris,Euronext Access,France,
MAISON POMMERY & ASSOCIES,FR0000062796,Euronext Paris,Compartment C,France,POMRY.PA
MAISONS DU MONDE,FR0013153541,Euronext Paris,Compartment B,France,MDM.PA
MAKING SCIENCE GROUP S.A.,ES0105463006,Euronext Growth Paris,Euronext Growth,Spain,ES0105463006.SG
MALIN CORPORATION PLC,IE00BVGC3741,Euronext Growth Dublin,Euronext Growth,Ireland,MLC.IR
MALTERIES FCO-BEL.,FR0000030074,Euronext Paris,Compartment B,France,MALT.PA
MANITOU BF,FR0000038606,Euronext Paris,Compartment B,France,MTU.PA
MAPS,IT0005364333,Euronext Growth Milan,Euronext Growth,Italy,MAPS.MI
MARE ENGINEERING GROUP,IT0005588626,Euronext Growth Milan,Euronext Growth,Italy,MARE.MI
MARE NOSTRUM,FR0013400835,Euronext Growth Paris,Euronext Growth,France,ALMAR.PA
MARIE BRIZARD WINE AND SPIRITS,FR0000060873,Euronext Paris,Compartment B,France,MBWS.PA
MARKBASS,IT0005670960,Euronext Growth Milan,Euronext Growth,Italy,MARK.MI
MARR,IT0003428445,Euronext Milan,Compartment B,Italy,MARR.MI
"Martifer, SGPS, SA",PTMFR0AM0003,Euronext Lisbon,Compartment C,Portugal,MAR.LS
MARZOCCHI POMPE,IT0004376858,Euronext Growth Milan,Euronext Growth,Italy,MARP.MI
MASI AGRICOLA,IT0004125677,Euronext Growth Milan,Euronext Growth,Italy,MASI.MI
MÅSØVAL AS,NO0010974983,Euronext Growth Oslo,Euronext Growth,Norway,MAS.OL
MASTRAD,FR0004155687,Euronext Growth Paris,Euronext Growth,France,ALMAS.PA
MATERIALISE NV,BE0974501331,Euronext Brussels,Compartment B,Belgium,MTLS.BR
MATICA FINTEC,IT0005388449,Euronext Growth Milan,Euronext Growth,Italy,MFT.MI
MATVAREEXPRESSEN AS,NO0013008664,Euronext Growth Oslo,Euronext Growth,Norway,MVE.OL
MAUNA KEA TECHNOLOGIES S.A.,FR0010609263,Euronext Growth Paris,Euronext Growth,France,ALMKT.PA
MAUREL ET PROM,FR0000051070,Euronext Paris,Compartment A,France,MAU.PA
MAZARO,BE0974404361,Euronext Access Brussels,Euronext Access,Belgium,MLMAZ.BR
MEDIA 6,FR0000064404,Euronext Paris,Compartment C,France,EDI.PA
MEDIA CAPITAL,PTGMC0AM0003,Euronext Lisbon,Compartment C,Portugal,
MEDIA LAB,IT0005324105,Euronext Access Paris,Euronext Access,Italy,MLLAB.PA
MEDIAN TECHNOLOGIES,FR0011049824,Euronext Growth Paris,Euronext Growth,France,ALMDT.PA
MEDINCELL S.A.,FR0004065605,Euronext Paris,Compartment B,France,MEDCL.PA
MEDISTIM,NO0010159684,Oslo Bors,Compartment B,Norway,MEDI.OL
MEGLIOQUESTO,IT0005450173,Euronext Growth Milan,Euronext Growth,Italy,
MELHUS SPAREBANK,NO0006001908,Oslo Bors,Compartment C,Norway,MELG.OL
MEMSCAP REGPT,FR0010298620,Euronext Paris,Compartment C,France,MEMS.PA
MERSEN,FR0000039620,Euronext Paris,Compartment B,France,MRN.PA
MET.EXTRA GROUP,IT0005481855,Euronext Milan,Compartment C,Italy,MET.MI
METAVISIO (THOMSON COMPUTING),FR00140066X4,Euronext Growth Paris,Euronext Growth,France,ALTHO.PA
METHANOR,FR0011217710,Euronext Growth Paris,Euronext Growth,France,ALMET.PA
METRICS IN BALANCE,BE0974328602,Euronext Access Paris,Euronext Access,Belgium,
METRIKS AI,IT0005651481,Euronext Growth Milan,Euronext Growth,Italy,MTK.MI
METROPOLE TV,FR0000053225,Euronext Paris,Compartment A,France,MMT.PA
MEVIM,IT0005586950,Euronext Growth Milan,Euronext Growth,Italy,MEV.MI
MEXEDIA S.P.A,IT0005450819,Euronext Growth Paris,Euronext Growth,Italy,ALMEX.PA
MFE B,NL0015001OJ9,Euronext Milan,Compartment A,Netherlands,MFEB.MI
MG INTERNATIONAL,FR0010204453,Euronext Growth Paris,Euronext Growth,France,ALMGI.PA
MGI DIGITAL GRAPHI,FR0010353888,Euronext Growth Paris,Euronext Growth,France,ALMDG.PA
MIGUET ET ASSOCIES,FR0010500363,Euronext Access Paris,Euronext Access,France,MLNMA.PA
MIKO,BE0003731453,Euronext Brussels,Compartment C,Belgium,MIKO.BR
MILIBOO,FR0013053535,Euronext Growth Paris,Euronext Growth,France,ALMLB.PA
MINCON GROUP PLC,IE00BD64C665,Euronext Growth Dublin,Euronext Growth,Ireland,MCON.L
MINT,FR0004172450,Euronext Growth Paris,Euronext Growth,France,ALMIN.PA
MISITANO & STRACUZZI,IT0005603078,Euronext Growth Milan,Euronext Growth,Italy,MS.MI
MIT SIM,IT0005427510,Euronext Growth Milan,Euronext Growth,Italy,MTS.MI
MKB Nedsense N.V.,NL0009312842,Euronext Amsterdam,Compartment C,Netherlands,NEDSE.AS
MOLTIPLY GROUP,IT0004195308,Euronext Milan,Compartment A,Italy,MOL.MI
MON COURTIER ENERGIE GROUPE S.A.,FR001400H3A0,Euronext Growth Paris,Euronext Growth,France,ALMCE.PA
MONCEY (FIN.) NOM.,FR001400SU99,Euronext Paris,Compartment A,France,FMONC.PA
MONDADORI EDIT,IT0001469383,Euronext Milan,Compartment B,Italy,MN.MI
MONDO TV,IT0001447785,Euronext Milan,Compartment C,Italy,MTV.MI
MONDO TV France,FR0014011ND8,Euronext Growth Paris,Euronext Growth,France,MTVFR.MI
MONNALISA,IT0005338139,Euronext Growth Milan,Euronext Growth,Italy,MNL.MI
MONUMENTAL RESIDENCE,PTMNN0AE0006,Euronext Access Lisbon,Euronext Access,Portugal,
MOPOLI,NL0000488153,Euronext Brussels,Compartment C,Netherlands,MOP.BR
MORELD,NO0013325506,Oslo Bors,Compartment B,Norway,MORLD.OL
MOTA ENGIL,PTMEN0AE0005,Euronext Lisbon,Compartment A,Portugal,EGL.LS
MOULINVEST,FR0011033083,Euronext Growth Paris,Euronext Growth,France,ALMOU.PA
MOURY CONSTRUCT,BE0003602134,Euronext Brussels,Compartment B,Belgium,MOUR.BR
MPC CONTAINER SHIPS,NO0010791353,Oslo Bors,Compartment B,Norway,MPCC.OL
MPC ENERGY SOLUTIONS N.V.,NL0015268814,Euronext Growth Oslo,Euronext Growth,Netherlands,MPCES.OL
MR BRICOLAGE,FR0004034320,Euronext Growth Paris,Euronext Growth,France,ALMRB.PA
MULTICONSULT,NO0010734338,Oslo Bors,Compartment B,Norway,MULTI.OL
MUNIC,FR0013462231,Euronext Growth Paris,Euronext Growth,France,ALMUN.PA
"MUTTER VENTURES, S.A.",ES0105697009,Euronext Access Paris,Euronext Access,Spain,MLMUT.PA
MYHOTELMATCH,FR001400IE67,Euronext Paris,Compartment C,France,MHM.PA
NACON,FR0013482791,Euronext Paris,Compartment C,France,NACON.PA
NAMR,FR0014003J32,Euronext Growth Paris,Euronext Growth,France,
NANOBIOTIX,FR0011341205,Euronext Paris,Compartment B,France,NANO.PA
NAPATECH,DK0060520450,Oslo Bors,Compartment C,Denmark,NAPA.OL
NAVAMEDIC,NO0010205966,Oslo Bors,Compartment C,Norway,NAVA.OL
NEDAP,NL0000371243,Euronext Amsterdam,Compartment B,Netherlands,NEDAP.AS
NEKKAR,NO0003049405,Oslo Bors,Compartment C,Norway,NKR.OL
NEL,NO0010081235,Oslo Bors,Compartment A,Norway,NEL.OL
NEODECORTECH,IT0005275778,Euronext Milan,Compartment C,Italy,NDT.MI
NEOLIFE,FR0011636083,Euronext Growth Paris,Euronext Growth,France,ALNLF.PA
NEOSPERIENCE,IT0005497018,Euronext Growth Milan,Euronext Growth,Italy,
NEOVACS,FR0014010856,Euronext Growth Paris,Euronext Growth,France,ALNEV.PA
NETGEM,FR0004154060,Euronext Growth Paris,Euronext Growth,France,ALNTG.PA
NETMEDIA GROUP,FR001400RF99,Euronext Growth Paris,Euronext Growth,France,ALNMG.PA
NEUFCOUR-FIN.,BE0003680916,Euronext Access Brussels,Euronext Access,Belgium,MLNEU.BR
NEURONES,FR0004050250,Euronext Paris,Compartment B,France,NRO.PA
NEUROSOFT,GRS802003004,Euronext Growth Milan,Euronext Growth,Greece,NRST.MI
New Sources Energy N.V.,NL0009822014,Euronext Amsterdam,Compartment C,Netherlands,NSE.AS
NEWPRINCES,IT0005385213,Euronext Milan,Compartment B,Italy,NWL.MI
NEWTREE,BE0003832491,Euronext Access Brussels,Euronext Access,Belgium,NEWT.BR
NEXITY,FR0010112524,Euronext Paris,Compartment B,France,NXI.PA
NEXT BIOMETRICS GROUP,NO0010629108,Oslo Bors,Compartment C,Norway,NEXT.OL
NEXT GEOSOLUTIONS EUROPE,IT0005594418,Euronext Growth Milan,Euronext Growth,Italy,NXT.MI
NEXTEDIA,FR0004171346,Euronext Growth Paris,Euronext Growth,France,ALNXT.PA
NFL BIOSCIENCES S.A.,FR0014003XT0,Euronext Growth Paris,Euronext Growth,France,ALNFL.PA
NICOX S.A.,FR0013018124,Euronext Growth Paris,Euronext Growth,France,ALCOX.PA
NIDAROS SPAREBANK,NO0010733082,Euronext Growth Oslo,Euronext Growth,Norway,NISB.OL
NORAM DRILLING AS,NO0010360019,Euronext Growth Oslo,Euronext Growth,Norway,NORAM.OL
NORBIT,NO0010856511,Oslo Bors,Compartment B,Norway,NORBT.OL
NORCOD,NO0010892912,Euronext Growth Oslo,Euronext Growth,Norway,NCOD.OL
NORCONSULT ASA,NO0013052209,Oslo Bors,Compartment B,Norway,NORCO.OL
NORDHEALTH AS A-AKSJER,NO0011002651,Euronext Growth Oslo,Euronext Growth,Norway,NO0011002651.SG
NORDIC AQUA PARTNERS AS,NO0012928805,Euronext Growth Oslo,Euronext Growth,Norway,NOAP.OL
NORDIC FINANCIALS ASA,NO0013683409,Euronext Expand Oslo,Compartment C,Norway,NOFIN.OL
NORDIC HALIBUT AS,NO0003058109,Euronext Growth Oslo,Euronext Growth,Norway,NOHAL.OL
NORDIC MINING,NO0013162693,Oslo Bors,Compartment C,Norway,NOM.OL
NORDIC TECHNOLOGY GROUP AS,NO0011018434,Euronext Growth Oslo,Euronext Growth,Norway,NTG.OL
NORSE ATLANTIC ASA,NO0012885252,Oslo Bors,Compartment B,Norway,NORSE.OL
NORSK TITANIUM AS,NO0010969108,Euronext Growth Oslo,Euronext Growth,Norway,NTI.OL
NORSKE SKOG,NO0010861115,Oslo Bors,Compartment B,Norway,NO0010861115.SG
NORTEM BIOGROUP,ES0105719001,Euronext Access Paris,Euronext Access,Spain,
North Atlantic Energies,FR0000120669,Euronext Paris,Compartment B,France,NAE.PA
NORTH ENERGY,NO0010550056,Oslo Bors,Compartment C,Norway,NORTH.OL
NORWEGIAN AIR SHUTTLE,NO0010196140,Oslo Bors,Compartment B,Norway,NAS.OL
NORWEGIAN BLOCK EXCHANGE AS,NO0010984966,Euronext Growth Oslo,Euronext Growth,Norway,NBX.OL
NOS NOVA AS,NO0010917339,Euronext Growth Oslo,Euronext Growth,Norway,NO0010917339.SG
"NOS, SGPS, SA",PTZON0AM0006,Euronext Lisbon,Compartment A,Portugal,NOS.LS
NOTORIOUS PICTURES,IT0005025355,Euronext Growth Milan,Euronext Growth,Italy,NPI.MI
"Novabase, SGPS - Nom.",PTNBA0AM0006,Euronext Lisbon,Compartment C,Portugal,NVQ.F
NOVACYT,FR0010397232,Euronext Growth Paris,Euronext Growth,France,ALNOV.PA
NOVAMARINE,IT0005605701,Euronext Growth Milan,Euronext Growth,Italy,NOVA.MI
NOVATECH IND.,FR0000185464,Euronext Access Paris,Euronext Access,France,MLNOV.PA
NR 21,FR0014001PV6,Euronext Paris,Compartment C,France,NR21.PA
NRC GROUP,NO0003679102,Oslo Bors,Compartment C,Norway,NO0003679102.SG
NRJ GROUP,FR0000121691,Euronext Paris,Compartment B,France,NRG.PA
NSC GROUPE,FR0000064529,Euronext Growth Paris,Euronext Growth,France,ALNSC.PA
NSE,FR0004065639,Euronext Growth Paris,Euronext Growth,France,ALNSE.PA
NUSCO,IT0005453110,Euronext Growth Milan,Euronext Growth,Italy,NUS.MI
NX FILTRATION N.V.,NL0015000D50,Euronext Amsterdam,Compartment B,Netherlands,NXFIL.AS
NYKODE THERAPEUTICS ASA,NO0010714785,Oslo Bors,Compartment B,Norway,NO0010714785.SG
NYRSTAR,BE0974294267,Euronext Brussels,Compartment C,Belgium,NYR.BR
NYXOAH SA,BE0974358906,Euronext Brussels,Compartment C,Belgium,BE0974358906.SG
OBIZ S.A.,FR0014003711,Euronext Growth Paris,Euronext Growth,France,ALBIZ.PA
OBSERVE MEDICAL,NO0013457952,Euronext Expand Oslo,Compartment C,Norway,OBSRV.OL
OCEAN GEOLOOP AS,NO0010914641,Euronext Growth Oslo,Euronext Growth,Norway,OCEAN.OL
OCEAN SUN,NO0010887565,Euronext Growth Oslo,Euronext Growth,Norway,OSUN.OL
OCI,NL0010558797,Euronext Amsterdam,Compartment A,Netherlands,OCI.AS
OCTOPUS BIOSAFETY,FR0013310281,Euronext Access Paris,Euronext Access,France,MLOCT.PA
ODFJELL SER. A,NO0003399909,Oslo Bors,Compartment B,Norway,ODF.OL
ODIOT HOLDING,FR0014010DV3,Euronext Access Paris,Euronext Access,France,MLODT.PA
Odyssée Technologies S.A.,FR001400U4P9,Euronext Growth Paris,Euronext Growth,France,ALODY.PA
OENEO,FR0000052680,Euronext Paris,Compartment B,France,SBT.PA
OFFICINA STELLARE,IT0005374035,Euronext Growth Milan,Euronext Growth,Italy,OS.MI
OKEA,NO0010816895,Oslo Bors,Compartment B,Norway,OKEA.OL
OLIDATA,IT0005634610,Euronext Milan,Compartment C,Italy,OLI.MI
OMDA AS,NO0010894512,Euronext Growth Oslo,Euronext Growth,Norway,OMDA.OL
OMER,IT0005453748,Euronext Growth Milan,Euronext Growth,Italy,OMER.MI
OMER-DECUGIS & CIE,FR0014003T71,Euronext Growth Paris,Euronext Growth,France,ALODC.PA
ONCODESIGN PRECISION MEDICINE,FR001400CM63,Euronext Growth Paris,Euronext Growth,France,ALOPM.PA
Oncoinvent,NO0013711713,Euronext Oslo,Compartment C,Norway	,ONCIN.OL
ONE EXPERIENCE,FR0013266772,Euronext Growth Paris,Euronext Growth,France,ALEXP.PA
ONLINEFORMAPRO,FR0004174712,Euronext Access Paris,Euronext Access,France,MLONL.PA
ONTEX GROUP,BE0974276082,Euronext Brussels,Compartment B,Belgium,ONTEX.BR
ONWARD MEDICAL,NL0015000HT4,Euronext Brussels,Compartment C,Netherlands,ONWD.BR
OPMOBILITY,FR0000124570,Euronext Paris,Compartment A,France,OPM.PA
OPS ECOM,IT0005122400,Euronext Milan,Compartment C,Italy,OEC.MI
OPS Italia (ex EEMS Italia),IT0005577868,Euronext Milan,Compartment C,Italy,OPS.MI
OPS RETAIL,IT0005545675,Euronext Milan,Compartment C,Italy,OPR.MI
OPTION,BE0974496284,Euronext Brussels,Compartment C,Belgium,OPTI.BR
ORANGE BELGIUM,BE0003735496,Euronext Brussels,Compartment B,Belgium,OBEL.BR
ORDISSIMO,FR0013318052,Euronext Growth Paris,Euronext Growth,France,ALORD.PA
OREGE,FR0010609206,Euronext Paris,Compartment C,France,OREGE.PA
ORIGIN ENTERPRISES PLC,IE00B1WV4493,Euronext Growth Dublin,Euronext Growth,Ireland,OIZ.IR
ORSERO,IT0005138703,Euronext Milan,Compartment B,Italy,ORS.MI
OSAI AUTOMATION SYSTEM,IT0005424830,Euronext Growth Milan,Euronext Growth,Italy,IT0005424830.SG
OSE IMMUNOTHERAPEUTICS,FR0012127173,Euronext Paris,Compartment C,France,OSE.PA
OSMOSUN S.A.,FR001400IUV6,Euronext Growth Paris,Euronext Growth,France,ALWTR.PA
OTELLO CORPORATION,NO0010040611,Oslo Bors,Compartment C,Norway,OTEC.OL
OTOFARMA,IT0005663361,Euronext Growth Milan,Euronext Growth,Italy,OTO.MI
OTOVO ASA,NO0013721613 ,Oslo Bors,Compartment C,Norway,
OVH,FR0014005HJ9,Euronext Paris,Compartment A,France,OVH.PA
OVS,IT0005043507,Euronext Milan,Compartment B,Italy,OVS.MI
OXURION,BE0974487192,Euronext Brussels,Compartment C,Belgium,OXUR.BR
PACTE NOVATION,FR0000077992,Euronext Access Paris,Euronext Access,France,MLPAC.PA
PANORO ENERGY,NO0010564701,Oslo Bors,Compartment B,Norway,PEN.OL
PARETO BANK,NO0010397581,Oslo Bors,Compartment B,Norway,PARB.OL
PARROT,FR0004038263,Euronext Paris,Compartment C,France,PARRO.PA
PARX MATERIALS NV,NL0012650535,Euronext Access Paris,Euronext Access,Netherlands,MLPRX.PA
PASQUARELLI AUTO,IT0005546319,Euronext Growth Milan,Euronext Growth,Italy,PSQ.MI
PASSAT,FR0000038465,Euronext Growth Paris,Euronext Growth,France,ALPAS.PA
PATTERN,IT0005378143,Euronext Growth Milan,Euronext Growth,Italy,PTR.MI
PAULIC MEUNERIE,FR0013479730,Euronext Growth Paris,Euronext Growth,France,ALPAU.PA
PB HOLDING N.V.,NL0000336303,Euronext Amsterdam,Compartment C,Netherlands,PBH.AS
PCI BIOTECH HOLDING,NO0010405640,Oslo Bors,Compartment C,Norway,PCIB.OL
PERMANENT TSB GROUP HOLDINGS PLC,IE00BWB8X525,Euronext Dublin,Compartment B,Ireland,PTSB.IR
PERRIER (GERARD),FR0000061459,Euronext Paris,Compartment B,France,PERR.PA
PET SERVICE HOLDING N.V.,NL0015001HZ9,Euronext Growth Paris,Euronext Growth,Netherlands,ALPET.PA
PETROLIA,CY0102630916,Oslo Bors,Compartment C,Cyprus,PSE.OL
PETRONOR E&P ASA,NO0012942525,Oslo Bors,Compartment C,Norway,PNOR.OL
PEUGEOT INVEST,FR0000064784,Euronext Paris,Compartment A,France,PEUG.PA
PEXIP HOLDING,NO0010840507,Oslo Bors,Compartment B,Norway,PEXIP.OL
PHARMANUTRA,IT0005274094,Euronext Milan,Compartment B,Italy,PHN.MI
PHARMING GROUP,NL0010391025,Euronext Amsterdam,Compartment B,Netherlands,PHARM.AS
"PHarol, SGPS, SA",PTPTC0AM0009,Euronext Lisbon,Compartment C,Portugal,PHR.LS
PHILOGEN,IT0005373789,Euronext Milan,Compartment B,Italy,IT0005373789.SG
PHONE WEB,FR0000185480,Euronext Access Paris,Euronext Access,France,MLPHW.PA
PHOTOCURE,NO0010000045,Oslo Bors,Compartment C,Norway,PHO.OL
PHOTONIKE CAPITAL,BE0948608451,Euronext Access Paris,Euronext Access,Belgium,MLPHO.PA
PIAGGIO,IT0003073266,Euronext Milan,Compartment B,Italy,PIA.MI
PIERRE VACANCES,FR0000073041,Euronext Paris,Compartment B,France,VAC.PA
PININFARINA SPA,IT0003056386,Euronext Milan,Compartment C,Italy,PINF.MI
PIQUADRO,IT0004240443,Euronext Milan,Compartment C,Italy,PQ.MI
PISCINES DESJOYAUX,FR0000061608,Euronext Growth Paris,Euronext Growth,France,ALPDX.PA
Piu' Medical,IT0005676140,Euronext Growth Milan,Euronext Growth,Italy,PMED.MI
PLACOPLATRE,FR0000030769,Euronext Access Paris,Euronext Access,France,MLPLC.PA
PLANETEL,IT0005430951,Euronext Growth Milan,Euronext Growth,Italy,PLN.MI
PLANISWARE,FR001400PFU4,Euronext Paris,Compartment A,France,PLNW.PA
PLANT ADVANCED,FR0010785790,Euronext Growth Paris,Euronext Growth,France,ALPAT.PA
PLAST.VAL LOIRE,FR0013252186,Euronext Paris,Compartment C,France,PVL.PA
PLASTICOS COMPUESTOS S.A. (KOMPUESTOS),ES0105425005,Euronext Growth Paris,Euronext Growth,Spain,KOM.MC
PLC,IT0005339160,Euronext Milan,Compartment C,Italy,PLC.MI
PLUXEE,NL0015001W49,Euronext Paris,Compartment A,Netherlands,PLX.PA
POLARIS MEDIA,NO0010466022,Oslo Bors,Compartment B,Norway,POL.OL
POLIGHT,NO0012535832,Oslo Bors,Compartment C,Norway,PLT.OL
POLIGRAFICI PRINTING,IT0004587470,Euronext Growth Milan,Euronext Growth,Italy,POPR.MI
PORTO AVIATION GROUP,IT0005545238,Euronext Growth Milan,Euronext Growth,Italy,PAG.MI
PORTOBELLO,IT0005337495,Euronext Growth Milan,Euronext Growth,Italy,POR.MI
POSTNL,NL0009739416,Euronext Amsterdam,Compartment B,Netherlands,PNL.AS
POUJOULAT,FR0000066441,Euronext Growth Paris,Euronext Growth,France,ALPJT.PA
POULAILLON,FR0013015583,Euronext Growth Paris,Euronext Growth,France,ALPOU.PA
POWERSOFT,IT0005353815,Euronext Growth Milan,Euronext Growth,Italy,PWS.MI
POXEL,FR0012432516,Euronext Paris,Compartment C,France,POXEL.PA
POZZI MILANO,IT0005499949,Euronext Growth Milan,Euronext Growth,Italy,POZ.MI
PREATONI GROUP,FR001400WXE7,Euronext Access Paris,Euronext Access,France,MLPRG.PA
PRECIA,FR0014004EC4,Euronext Growth Paris,Euronext Growth,France,ALPM.PA
PREDICT,IT0005611071,Euronext Growth Milan,Euronext Growth,Italy,PRE.MI
PREDILIFE,FR0010169920,Euronext Growth Paris,Euronext Growth,France,ALPRE.PA
PRELUDE S.A.,FR0014011SJ4,Euronext Access Paris,Euronext Access,France,
PREMIA FINANCE,IT0005442154,Euronext Growth Milan,Euronext Growth,Italy,PFI.MI
PRISMAFLEX INTL,FR0004044600,Euronext Growth Paris,Euronext Growth,France,ALPRI.PA
PROACTIS SA,FR0004052561,Euronext Paris,Compartment C,France,PROAC.PA
PRODWAYS GROUP,FR0012613610,Euronext Growth Paris,Euronext Growth,France,ALPWG.PA
PROLOGUE,FR0010380626,Euronext Growth Paris,Euronext Growth,France,ALPRG.PA
PROMOTICA,IT0005425365,Euronext Growth Milan,Euronext Growth,Italy,PMT.MI
PROPRIETE IMMEUBLES,FR0000061376,Euronext Access Paris,Euronext Access,France,
PROSAFE,NO0010861990,Oslo Bors,Compartment C,Norway,PRS.OL
PROTECTOR FORSIKRING,NO0010209331,Oslo Bors,Compartment A,Norway,PROT.OL
PROXIMAR SEAFOOD AS,NO0010893902,Euronext Growth Oslo,Euronext Growth,Norway,PROXI.OL
PROXIMUS,BE0003810273,Euronext Brussels,Compartment A,Belgium,PROX.BR
PRYME N.V.,NL0015002E73,Euronext Growth Oslo,Euronext Growth,Netherlands,PRYME.OL
PUBLIC PROPERTY INVEST ASA,NO0013178616,Oslo Bors,Compartment B,Norway,PUBLI.OL
PULLUP ENTERTAINMENT,FR0012419307,Euronext Growth Paris,Euronext Growth,France,ALPUL.PA
PYRUM INNOVATIONS AG,DE000A2G8ZX8,Euronext Growth Oslo,Euronext Growth,Germany,PYRUM.OL
QUADIENT S.A.,FR0000120560,Euronext Paris,Compartment B,France,QDT.PA
QUANTUM GENOMICS,FR0011648971,Euronext Growth Paris,Euronext Growth,France,
QWAMPLIFY,FR0010889386,Euronext Growth Paris,Euronext Growth,France,ALQWA.PA
RACING FORCE,IT0005466963,Euronext Growth Milan,Euronext Growth,Italy,RFG.MI
RADICI,IT0005379737,Euronext Growth Milan,Euronext Growth,Italy,RAD.MI
RAI WAY,IT0005054967,Euronext Milan,Compartment A,Italy,RWAY.MI
RAIZE-INSTITUICAO DE PAGAMENTOS S.A.,PTRIZ0AM0009,Euronext Access Lisbon,Euronext Access,Portugal,MLRZE.LS
RAMADA INVESTIMENTOS E INDUSTRIA S.A.,PTFRV0AE0004,Euronext Lisbon,Compartment B,Portugal,RAM.LS
RAMSAY GENERALE DE SANTE,FR0000044471,Euronext Paris,Compartment A,France,GDS.PA
RANA GRUBER ASA,NO0010907389,Oslo Bors,Compartment B,Norway,NO0010907389.SG
RATTI,IT0004724107,Euronext Milan,Compartment C,Italy,RAT.MI
RCS MEDIAGROUP,IT0004931496,Euronext Milan,Compartment B,Italy,RCS.MI
REACH SUBSEA,NO0003117202,Oslo Bors,Compartment C,Norway,REACH.OL
REALCO,BE0003841583,Euronext Access Brussels,Euronext Access,Belgium,REAL.BR
REALITES,FR0011858190,Euronext Growth Paris,Euronext Growth,France,ALREA.PA
REBIRTH ,IT0005460081,Euronext Growth Paris,Euronext Growth,Italy,
REC SILICON,NO0010112675,Oslo Bors,Compartment B,Norway,RECSI.OL
RECTICEL,BE0003656676,Euronext Brussels,Compartment B,Belgium,RECT.BR
REDELFI,IT0005496101,Euronext Growth Milan,Euronext Growth,Italy,RDF.MI
REDFISH LONGTERM CAPITAL,IT0005549354,Euronext Growth Milan,Euronext Growth,Italy,RFLTC.MI
REFUELS N.V.,NL0015001BF4,Euronext Growth Oslo,Euronext Growth,Netherlands,REFL.OL
REIBEL,BE0003829463,Euronext Access Brussels,Euronext Access,Belgium,
REMYCOINTREAU,FR0000130395,Euronext Paris,Compartment A,France,RCO.PA
REN,PTREL0AM0008,Euronext Lisbon,Compartment A,Portugal,RENE.LS
RENOVALO,IT0005500571,Euronext Growth Milan,Euronext Growth,Italy,RNV.MI
RES,IT0005543613,Euronext Growth Milan,Euronext Growth,Italy,RES.MI
RETI,IT0005418204,Euronext Growth Milan,Euronext Growth,Italy,RETI.MI
REVO INSURANCE,IT0005513202,Euronext Milan,Compartment B,Italy,REVO.MI
REWAY GROUP,IT0005528069,Euronext Growth Milan,Euronext Growth,Italy,RWY.MI
REWORLD MEDIA,FR0010820274,Euronext Growth Paris,Euronext Growth,France,FR0010820274.SG
RIBA MUNDO TECNOLOGIA,ES0105724001,Euronext Growth Milan,Euronext Growth,Spain,RMT.MI
RIBER,FR0000075954,Euronext Growth Paris,Euronext Growth,France,ALRIB.PA
RINO PETINO,IT0005663429,Euronext Growth Milan,Euronext Growth,Italy,RPTN.MI
RISANAMENTO,IT0001402269,Euronext Milan,Compartment C,Italy,RN.MI
RIVER TECH,MT0001710103,Euronext Growth Oslo,Euronext Growth,Malta,MT0001710103.SG
ROBERTET,FR0000039091,Euronext Paris,Compartment A,France,RBT.PA
ROCHE BOBOIS,FR0013344173,Euronext Paris,Compartment B,France,RBO.PA
ROCKET SHARING COMPANY,IT0005481830,Euronext Growth Milan,Euronext Growth,Italy,RKT.MI
ROCTOOL,FR0010523167,Euronext Growth Paris,Euronext Growth,France,ALROC.PA
ROGALAND SPAREBANK,NO0006001007,Oslo Bors,Compartment B,Norway,ROGS.OL
ROMERIKE SPAREBK,NO0010808405,Euronext Growth Oslo,Euronext Growth,Norway,ROMER.OL
ROMSDAL SPAREBANK,NO0010759988,Euronext Growth Oslo,Euronext Growth,Norway,TINDE.OL
ROSETTI MARINO,IT0001017851,Euronext Growth Milan,Euronext Growth,Italy,YRM.MI
ROUGIER S.A.,FR0000037640,Euronext Growth Paris,Euronext Growth,France,ALRGR.PA
ROULARTA,BE0003741551,Euronext Brussels,Compartment B,Belgium,ROU.BR
RT&L,IT0005680373,Euronext Growth Milan,Euronext Growth,Italy,RTL.MI
S.D. STANDARD ETC PLC,CY0101550917,Oslo Bors,Compartment C,Cyprus,SDSD.OL
S.M.A.I.O.,FR0014005I80,Euronext Growth Paris,Euronext Growth,France,ALSMA.PA
S.S. LAZIO,IT0003621783,Euronext Milan,Compartment C,Italy,SSL.MI
SABAF,IT0001042610,Euronext Milan,Compartment B,Italy,SAB.MI
SACCHERIA F.LLI FRANCESCHETTI,IT0005521551,Euronext Growth Milan,Euronext Growth,Italy,SAC.MI
SAFE,FR001400ZU25,Euronext Growth Paris,Euronext Growth,France,ALSAF.PA
SAFILO GROUP,IT0004604762,Euronext Milan,Compartment B,Italy,SFL.MI
SAGA PURE,NO0010572589,Oslo Bors,Compartment C,Norway,SAGA.OL
SAINT JEAN GROUPE,FR0000060121,Euronext Paris,Compartment C,France,SABE.PA
SALMON EVOLUTION ASA,NO0010892094,Oslo Bors,Compartment B,Norway,SALME.OL
SALVATORE FERRAGAMO,IT0004712375,Euronext Milan,Compartment A,Italy,SFER.MI
SAMBA DIGITAL SGPS S.A.,PTDGL0AM0003,Euronext Growth Lisbon,Euronext Growth,Portugal,ALSMB.LS
SAMSE,FR0000060071,Euronext Paris,Compartment B,France,SAMS.PA
SANLORENZO,IT0003549422,Euronext Milan,Compartment A,Italy,SL.MI
SAPMER,FR0010776617,Euronext Growth Paris,Euronext Growth,France,ALMER.PA
SATS,NO0010863285,Oslo Bors,Compartment B,Norway,SATS.OL
SAVENCIA S.A.,FR0000120107,Euronext Paris,Compartment B,France,SAVE.PA
SAVONNERIE NYONS,FR0013155975,Euronext Access Paris,Euronext Access,France,MLSDN.PA
SBE-VARVIT,IT0005568461,Euronext Growth Milan,Euronext Growth,Italy,VARV.MI
SCANA,NO0003053308,Oslo Bors,Compartment C,Norway,NO0003053308.SG
SCATEC ASA,NO0010715139,Oslo Bors,Compartment B,Norway,SCATC.OL
SCEMI,FR0010972091,Euronext Access Paris,Euronext Access,France,MLCMI.PA
SCIENTIA SCHOOL S.A.,ES0105592002,Euronext Access Paris,Euronext Access,Spain,
SCIUKER FRAMES,IT0005340051,Euronext Growth Milan,Euronext Growth,Italy,
SECHE ENVIRONNEM.,FR0000039109,Euronext Paris,Compartment B,France,SCHP.PA
SECO,IT0005438046,Euronext Milan,Compartment B,Italy,IT0005438046.SG
SED ENERGY HOLDINGS PLC,CY0101162119,Oslo Bors,Compartment C,Cyprus,ENH.OL
SELCODIS,FR0000065492,Euronext Paris,Compartment C,France,
SELVAAG BOLIG,NO0010612450,Oslo Bors,Compartment B,Norway,SBO.OL
SEMAPA,PTSEM0AM0004,Euronext Lisbon,Compartment A,Portugal,SEM.LS
SEMCO TECHNOLOGIES,FR0014010H01,Euronext Growth Paris,Euronext Growth,France,ALSEM.PA
SENSORION,FR0012596468,Euronext Growth Paris,Euronext Growth,France,ALSEN.PA
SENTIA,NO0013573014,Oslo Bors,Compartment B,Norway,SNTIA.OL
SENUS PLC,IE000O0F49R3,Euronext Dublin,Euronext Access ,Ireland,SENUS.IR
SEQUA PETROLEUM NV,NL0010623518,Euronext Access Paris,Euronext Access,Netherlands,MLSEQ.PA
SEQUANA MEDICAL,BE0974340722,Euronext Brussels,Compartment C,Belgium,SEQUA.BR
SERGEFERRARI GROUP,FR0011950682,Euronext Paris,Compartment C,France,SEFER.PA
SERI INDUSTRIAL,IT0005283640,Euronext Milan,Compartment B,Italy,IT0005283640.SG
SESA,IT0004729759,Euronext Milan,Compartment A,Italy,SES.MI
SG COMPANY,IT0005337172,Euronext Growth Milan,Euronext Growth,Italy,SGC.MI
SHOWROOMPRIVE,FR0013006558,Euronext Paris,Compartment C,France,SRP.PA
SIAV,IT0005504128,Euronext Growth Milan,Euronext Growth,Italy,SIAV.MI
SICILY BY CAR,IT0005556581,Euronext Growth Milan,Euronext Growth,Italy,SBC.MI
SIDETRADE,FR0010202606,Euronext Growth Paris,Euronext Growth,France,ALBFR.PA
SIF HOLDING,NL0011660485,Euronext Amsterdam,Compartment B,Netherlands,SIFG.AS
SIGNAUX GIROD,FR0000060790,Euronext Growth Paris,Euronext Growth,France,ALGIR.PA
SIMONE,IT0005573123,Euronext Growth Milan,Euronext Growth,Italy,SMN.MI
SIPEF,BE0003898187,Euronext Brussels,Compartment B,Belgium,SIP.BR
SIRIUS MEDIA,FR0010812230,Euronext Growth Paris,Euronext Growth,France,FR0010812230.SG
SIT,IT0005262149,Euronext Milan,Compartment C,Italy,SIT.MI
SKANDIA GREENPOWER AS,NO0010931207,Euronext Growth Oslo,Euronext Growth,Norway,SKAND.OL
SKUE SPAREBANK,NO0006001809,Oslo Bors,Compartment C,Norway,SKUE.OL
Sligro Food Group N.V.,NL0000817179,Euronext Amsterdam,Compartment B,Netherlands,SLIGR.AS
SMALTO,FR0011131788,Euronext Access Paris,Euronext Access,France,MLSML.PA
SMART CAPITAL,IT0005621070,Euronext Growth Milan,Euronext Growth,Italy,SMCAP.MI
SMARTCRAFT ASA,NO0011008971,Oslo Bors,Compartment B,Norway,SMCRT.OL
SMARTOPTICS GROUP ASA,NO0011012502,Oslo Bors,Compartment B,Norway,SMOP.OL
SMCP,FR0013214145,Euronext Paris,Compartment B,France,SMCP.PA
SMTPC,FR0004016699,Euronext Growth Paris,Euronext Growth,France,FR0004016699.SG
SOC FRANC CASINOS,FR0010209809,Euronext Paris,Compartment C,France,SFCA.PA
SOCIETA' EDITORIALE IL FATTO,IT0005353484,Euronext Growth Milan,Euronext Growth,Italy,SEIF.MI
SODITECH ING.,FR0000078321,Euronext Paris,Compartment C,France,SEC.PA
SOFTIMAT,BE0003773877,Euronext Growth Brussels,Euronext Growth,Belgium,SOFT.BR
SOFTLAB,IT0001469953,Euronext Milan,Compartment C,Italy,SFT.MI
SOFTOX SOLUTIONS,NO0010811961,Euronext Growth Oslo,Euronext Growth,Norway,NO0010811961.SG
SOGECLAIR,FR0000065864,Euronext Growth Paris,Euronext Growth,France,ALSOG.PA
SOGEFI,IT0000076536,Euronext Milan,Compartment B,Italy,SGF.MI
SOGES GROUP,IT0005597411,Euronext Growth Milan,Euronext Growth,Italy,SOGES.MI
SOGN SPAREBANK,NO0006000603,Oslo Bors,Compartment C,Norway,SOGN.OL
SOILTECH ASA,NO0010713571,Euronext Expand Oslo,Euronext Expand,Norway,STECH.OL
SOITEC,FR0013227113,Euronext Paris,Compartment A,France,SOI.PA
SOL,IT0001206769,Euronext Milan,Compartment A,Italy,SOL.MI
SOLID WORLD GROUP,IT0005497893,Euronext Growth Milan,Euronext Growth,Italy,S3D.MI
SOLOCAL GROUP,FR001400SA10,Euronext Paris,Compartment C,France,LOCAL.PA
SOLSTAD MARITIME,NO0013135368,Oslo Bors,Compartment B,Norway,SOMA.OL
SOLSTAD OFFSHORE,NO0003080608,Oslo Bors,Compartment B,Norway,SOFF.OL
SOLUTIONS 30 SE,FR0013379484,Euronext Paris,Compartment B,France,S30.PA
SOLUTIONS CAPITAL MANAGEMENT SIM,IT0005200248,Euronext Growth Milan,Euronext Growth,Italy,SCM.MI
SOLVACNOM(RETAIL),BE0003545531,Euronext Brussels,Compartment A,Belgium,SOLV.BR
SOMEC,IT0005329815,Euronext Milan,Compartment B,Italy,SOM.MI
SONAE,PTSON0AM0001,Euronext Lisbon,Compartment A,Portugal,SON.LS
"SONAECOM,SGPS",PTSNC0AM0006,Euronext Lisbon,Compartment B,Portugal,SNC.LS
SONAGI,PTSNG0AM0007,Euronext Access Lisbon,Euronext Access,Portugal,
SOSTRAVEL.COM,IT0005338675,Euronext Growth Milan,Euronext Growth,Italy,SOS.MI
SPADEL,BE0003798155,Euronext Brussels,Compartment B,Belgium,SPA.BR
SPARBNK 68 GR NORD,NO0010887110,Euronext Growth Oslo,Euronext Growth,Norway,SB68.OL
SPAREBANK 1 SMN,NO0006390301,Oslo Bors,Compartment A,Norway,MING.OL
SPAREBANKEN MØRE,NO0012483207,Oslo Bors,Compartment B,Norway,MORG.OL
SPAREBANKEN ØST,NO0006222009,Oslo Bors,Compartment C,Norway,SPOG.OL
SPAREBANKEN VEST,NO0006000900,Oslo Bors,Compartment A,Norway,SBNOR.OL
SPARTOO,FR00140043Y1,Euronext Growth Paris,Euronext Growth,France,FR00140043Y1.SG
SPBK 1 NORDMØRE,NO0010691660,Oslo Bors,Compartment C,Norway,SNOR.OL
SPBK 1 ØSTLANDET,NO0010751910,Oslo Bors,Compartment A,Norway,NO0010751910.SG
SPBK1 HELGELAND,NO0010029804,Oslo Bors,Compartment B,Norway,HELG.OL
SPBK1 NORD-NORGE,NO0006000801,Oslo Bors,Compartment B,Norway,NO0006000801.SG
SPBK1 ØSTFOLD AKER,NO0010285562,Oslo Bors,Compartment B,Norway,SOAG.OL
SPBK1 RINGERIKE,NO0006390400,Oslo Bors,Compartment B,Norway,RING.OL
SPEED RABBIT PIZZA,FR0000054371,Euronext Access Paris,Euronext Access,France,MLSRP.PA
SPINEGUARD,FR0011464452,Euronext Growth Paris,Euronext Growth,France,ALSGD.PA
SPINEWAY,FR001400N2P2,Euronext Growth Paris,Euronext Growth,France,ALSPW.PA
SPIR GROUP ASA,NO0012548819,Oslo Bors,Compartment C,Norway,SPIR.OL
Sporting Clube de Braga,PTSCB0AM0001,Euronext Access Lisbon,Euronext Access,Portugal,SCB.LS
Sporting Clube de Portugal,PTSCP0AM0001,Euronext Lisbon,Compartment C,Portugal,SCP.LS
ST DUPONT,FR0000054199,Euronext Paris,Compartment C,France,DPT.PA
STAINLESS TANKERS ASA,NO0012780958,Euronext Growth Oslo,Euronext Growth,Norway,STST.OL
STAR7,IT0005466195,Euronext Growth Milan,Euronext Growth,Italy,STAR7.MI
STEF,FR0000064271,Euronext Paris,Compartment A,France,STF.PA
STIF,FR001400MDW2,Euronext Growth Paris,Euronext Growth,France,ALSTI.PA
STRADIM,FR0000074775,Euronext Growth Paris,Euronext Growth,France,ALSAS.PA
STREAMWIDE,FR0010528059,Euronext Growth Paris,Euronext Growth,France,ALSTW.PA
STREIT MECANIQUE,FR0000063976,Euronext Access Paris,Euronext Access,France,MLSTR.PA
STRONGPOINT,NO0010098247,Oslo Bors,Compartment C,Norway,STRO.OL
SVAS BIOSANA,IT0005469264,Euronext Growth Milan,Euronext Growth,Italy,SVS.MI
SWORD GROUP,FR0004180578,Euronext Paris,Compartment B,France,SWP.PA
SYNERGIE,FR0000032658,Euronext Paris,Compartment B,France,SDG.PA
SYS-DAT,IT0005595423,Euronext Milan,Compartment C,Italy,SYS.MI
TALEA GROUP,IT0005378333,Euronext Growth Milan,Euronext Growth,Italy,
TAMBURI,IT0003153621,Euronext Milan,Compartment A,Italy,TIP.MI
TBSO,FR0000063307 ,Euronext Paris,Compartment C,France,
TECHNOGYM,IT0005162406,Euronext Milan,Compartment A,Italy,TGYM.MI
TECHNOPROBE,IT0005482333,Euronext Milan,Compartment A,Italy,TPRO.MI
TECHSTEP,NO0012916131,Oslo Bors,Compartment C,Norway,TECH.OL
TECMA SOLUTIONS,IT0005425050,Euronext Growth Milan,Euronext Growth,Italy,TCM.MI
TECNO,IT0005658841,Euronext Growth Milan,Euronext Growth,Italy,TCG.MI
"Teixeira Duarte, SA",PTTD10AM0000,Euronext Lisbon,Compartment C,Portugal,TDSA.LS
TEKNA HOLDING ASA,NO0010951577,Oslo Bors,Compartment C,Norway,TEKNA.OL
TELESIA,IT0005240046,Euronext Growth Milan,Euronext Growth,Italy,TLS.MI
TELEVISTA,FR0011076595,Euronext Access Paris,Euronext Access,France,
TELMES,IT0005683401,Euronext Growth Milan,Euronext Growth,Italy,TLM.MI
TENAX INTERNATIONAL,IT0005428898,Euronext Growth Milan,Euronext Growth,Italy,TNX.MI
TERACT S.A.,FR001400BMH7,Euronext Paris,Compartment B,France,TRACT.PA
TESMEC,IT0004585243,Euronext Milan,Compartment C,Italy,TES.MI
TESSELLIS,IT0005496473,Euronext Milan,Compartment C,Italy,TSL.MI
TESSENDERLO GROUP,BE0003555639,Euronext Brussels,Compartment A,Belgium,TESB.BR
TEXAF,BE0974263924,Euronext Brussels,Compartment C,Belgium,TEXF.BR
TF1,FR0000054900,Euronext Paris,Compartment A,France,TFI.PA
TFF GROUP,FR0013295789,Euronext Paris,Compartment B,France,FR0013295789.SG
TGS ASA,NO0003078800,Oslo Bors,Compartment A,Norway,TGS.OL
THE AZUR SELECTION S.A.,GRS528003007,Euronext Access Paris,Euronext Access,Greece,MLAZR.PA
THE ITALIAN SEA GROUP,IT0005439085,Euronext Milan,Compartment B,Italy,TISG.MI
THE KINGFISH COMPANY,NL00150001S5,Euronext Growth Oslo,Euronext Growth,Netherlands,KING.OL
THEON INTERNATIONAL PLC,CY0200751713,Euronext Amsterdam,Compartment B,Cyprus,THEON.AS
THERACLION,FR0010120402,Euronext Growth Paris,Euronext Growth,France,ALTHE.PA
THERMADOR GROUPE,FR0013333432,Euronext Paris,Compartment B,France,THEP.PA
THOR MEDICAL ASA,NO0010597883,Oslo Bors,Compartment C,Norway,TRMED.OL
THX PHARMA,FR0013286259,Euronext Growth Paris,Euronext Growth,France,ALTHX.PA
TINC,BE0974282148,Euronext Brussels,Compartment B,Belgium,TINC.BR
TINEXTA,IT0005037210,Euronext Milan,Compartment B,Italy,TNXT.MI
TITAN S.A.,BE0974338700,Euronext Brussels,Compartment A,Belgium,TITC.AT
TME PHARMA,NL0015000YE1,Euronext Growth Paris,Euronext Growth,Netherlands,ALTME.PA
TMP GROUP,IT0005531238,Euronext Growth Milan,Euronext Growth,Italy,TMP.MI
TOMTOM,NL0013332471,Euronext Amsterdam,Compartment B,Netherlands,TOM2.AS
TONNER DRONES S.A.,FR001400H2X4,Euronext Growth Paris,Euronext Growth,France,ALTD.PA
TOOSLA,FR00140062B9,Euronext Growth Paris,Euronext Growth,France,ALTOO.PA
TOSCANA AEROPORTI,IT0000214293,Euronext Milan,Compartment B,Italy,TYA.MI
TOUAX,FR0000033003,Euronext Growth Paris,Euronext Growth,France,ALTOU.PA
Toyota Caetano,PTSCT0AP0018,Euronext Lisbon,Compartment B,Portugal,SCT.LS
TPS,IT0005246142,Euronext Growth Milan,Euronext Growth,Italy,TPS.MI
TRACTIAL (ex-BD MULTI MEDIA),FR0014014ZV8,Euronext Growth Paris,Euronext Growth,France,ALTRA.PA
TRADELAB,IT0005651507,Euronext Growth Milan,Euronext Growth,Italy,TRAI.MI
TRANSGENE,FR0005175080,Euronext Paris,Compartment C,France,TNG.PA
TRANSITION EVERGREEN,FR0000035784,Euronext Paris,Compartment C,France,
TRAWELL CO,IT0005378325,Euronext Growth Milan,Euronext Growth,Italy,TWL.MI
TRENDEVICE,IT0005422792,Euronext Growth Milan,Euronext Growth,Italy,
TREVI FIN IND,IT0005422768,Euronext Milan,Compartment C,Italy,TFIN.MI
TRIBOO,IT0005001554,Euronext Milan,Compartment C,Italy,TB.MI
TRILOGIQ,FR0010397901,Euronext Growth Paris,Euronext Growth,France,ALTRI.PA
TROC ILE,FR0000031106,Euronext Access Paris,Euronext Access,France,
TRØNDELAG SPBK,NO0010788268,Oslo Bors,Compartment C,Norway,TRSB.OL
TXCOM,FR0010654087,Euronext Growth Paris,Euronext Growth,France,ALTXC.PA
TXT E-SOLUTIONS,IT0001454435,Euronext Milan,Compartment B,Italy,TXT.MI
U10 CORP,FR0000079147,Euronext Growth Paris,Euronext Growth,France,ALU10.PA
Ubaldi Costruzioni ,IT0005628158,Euronext Growth Milan,Euronext Growth,Italy,UBA.MI
UBISOFT ENTERTAIN,FR0000054470,Euronext Paris,Compartment A,France,UBI.PA
UCAPITAL24,IT0005380461,Euronext Growth Milan,Euronext Growth,Italy,U24.MI
ULTIMOVACS,NO0010851603,Oslo Bors,Compartment B,Norway,ZLNA.OL
UMALIS GROUP,FR0011776889,Euronext Access Paris,Euronext Access,France,MLUMG.PA
UNIDATA,IT0005573065,Euronext Milan,Compartment C,Italy,UD.MI
UNION TECH.INFOR.,FR0000074197,Euronext Paris,Compartment C,France,FPG.PA
UNIPHAR PLC,IE00BJ5FQX74,Euronext Growth Dublin,Euronext Growth,Ireland,IE00BJ5FQX74.SG
UPERGY,FR0010337865,Euronext Growth Paris,Euronext Growth,France,ALUPG.PA
UV GERMI,FR0011898584,Euronext Growth Paris,Euronext Growth,France,ALUVI.PA
VAA VISTA ALEGRE,PTVAA0AM0019,Euronext Lisbon,Compartment C,Portugal,VAF.LS
VALBIOTIS,FR0013254851,Euronext Growth Paris,Euronext Growth,France,ALVAL.PA
VALERIO THERAPEUTICS,FR0010095596,Euronext Growth Paris,Euronext Growth,France,ALVIO.PA
VALICA,IT0005562514,Euronext Growth Milan,Euronext Growth,Italy,VLC.MI
VALNEVA SE,FR0004056851,Euronext Paris,Compartment B,France,VLA.PA
VALSOIA,IT0001018362,Euronext Milan,Compartment C,Italy,VLS.MI
VALTECNE,IT0005532525,Euronext Growth Milan,Euronext Growth,Italy,VLT.MI
VALUE8,NL0010661864,Euronext Amsterdam,Compartment C,Netherlands,VALUE.AS
VAN DE VELDE,BE0003839561,Euronext Brussels,Compartment B,Belgium,VAN.BR
VANTEA SMART,IT0005433765,Euronext Growth Milan,Euronext Growth,Italy,VNT.MI
VANTIVA S.A.,FR0013505062,Euronext Paris,Compartment C,France,VANTI.PA
VAZIVA SA,FR0014007T10,Euronext Growth Paris,Euronext Growth,France,ALVAZ.PA
VEIDEKKE,NO0005806802,Oslo Bors,Compartment A,Norway,VEI.OL
VENTE UNIQUE.COM,FR0010766667,Euronext Growth Paris,Euronext Growth,France,ALVU.PA
VEOM Group,FR0013530102,Euronext Growth Paris,Euronext Growth,France,ALVG.PA
VERGNET,FR0014010YR7,Euronext Growth Paris,Euronext Growth,France,VRQ0.F
VERIMATRIX,FR0010291245,Euronext Paris,Compartment C,France,VMX.PA
VETOQUINOL,FR0004186856,Euronext Paris,Compartment A,France,FR0004186856.SG
VGP,BE0003878957,Euronext Brussels,Compartment A,Belgium,VGP.BR
VIALIFE,FR0010326090,Euronext Growth Paris,Euronext Growth,France,ALVIA.PA
VICAT,FR0000031775,Euronext Paris,Compartment A,France,VCT.PA
VIEL ET COMPAGNIE,FR0000050049,Euronext Paris,Compartment B,France,VIL.PA
VIMI FASTENERS,IT0004717200,Euronext Growth Milan,Euronext Growth,Italy,VIM.MI
VINEXT,IT0005652414,Euronext Growth Milan,Euronext Growth,Italy,VNXT.MI
VINPAI S.A.,FR001400AXT1,Euronext Growth Paris,Euronext Growth,France,ALVIN.PA
VIOHALCO,BE0974271034,Euronext Brussels,Compartment A,Belgium,VIO.BR
VIRBAC,FR0000031577,Euronext Paris,Compartment A,France,VIRP.PA
VIRIDIEN,FR001400PVN6,Euronext Paris,Compartment B,France,VIRI.PA
VIRTUALWARE,ES0105704003,Euronext Growth Paris,Euronext Growth,Spain,ALVIR.PA
VISTIN PHARMA,NO0010734122,Oslo Bors,Compartment C,Norway,VISTN.OL
VIVENDA GROUP,IT0005622581,Euronext Growth Milan,Euronext Growth,Italy,VVG.MI
VIVORYON THERAPEUTICS N.V.,NL00150002Q7,Euronext Amsterdam,Compartment B,Netherlands,NL00150002Q7.SG
VNE,IT0005556110,Euronext Growth Milan,Euronext Growth,Italy,VNE.MI
VOGO,FR0011532225,Euronext Growth Paris,Euronext Growth,France,ALVGO.PA
VOLTALIA,FR0011995588,Euronext Paris,Compartment A,France,VLTSA.PA
VOSS VEKSEL- OG LANDMANDSBANK,NO0003025009,Oslo Bors,Compartment C,Norway,VVL.OL
VOW,NO0010708068,Oslo Bors,Compartment C,Norway,VOW.OL
VOYAGEURS DU MONDE,FR0004045847,Euronext Growth Paris,Euronext Growth,France,ALVDM.PA
Vusion,FR0010282822,Euronext Paris,Compartment A,France,VU.PA
WAGA ENERGY,FR0012532810,Euronext Paris,Compartment B,France,WAGA.PA
WALLIX,FR0010131409,Euronext Growth Paris,Euronext Growth,France,ALLIX.PA
WAVESTONE,FR0013357621,Euronext Paris,Compartment A,France,WAVE.PA
WE.CONNECT,FR0013079092,Euronext Growth Paris,Euronext Growth,France,ALWEC.PA
WEACCESS GROUP,FR0010688465,Euronext Access Paris,Euronext Access,France,MLWEA.PA
WEBSOLUTE,IT0005384901,Euronext Growth Milan,Euronext Growth,Italy,WBS.MI
WEBSTEP,NO0010609662,Oslo Bors,Compartment C,Norway,WSTEP.OL
WEBUILD,IT0003865570,Euronext Milan,Compartment A,Italy,WBD.MI
WESTERN BULK CHARTERING AS,NO0010768096,Euronext Growth Oslo,Euronext Growth,Norway,WEST.OL
WEYA,FR0010768770,Euronext Access Paris,Euronext Access,France,MLWEY.PA
WHAT'S COOKING GROUP,BE0003573814,Euronext Brussels,Compartment C,Belgium,WHATS.BR
WHITESTONE GROUP,BE0974401334,Euronext Growth Brussels,Euronext Growth,Belgium,ROCK.BR
WIIT,IT0005440893,Euronext Milan,Compartment B,Italy,WIIT.MI
WILH. WILHELMSEN HOLDING SER. A,NO0010571698,Oslo Bors,Compartment A,Norway,WWI.OL
WINAMP GROUP,BE0974334667,Euronext Growth Paris,Euronext Growth,Belgium,BE0974334667.SG
WINFARM,FR0014000P11,Euronext Growth Paris,Euronext Growth,France,ALWF.PA
WITBE,FR0013143872,Euronext Growth Paris,Euronext Growth,France,ALWIT.PA
WORLDLINE,FR0011981968,Euronext Paris,Compartment A,France,WLN.PA
XENIA HOTELLERIE SOLUTION,IT0005568487,Euronext Growth Milan,Euronext Growth,Italy,XHS.MI
X-FAB SILICON FOUNDRIES SE,BE0974310428,Euronext Paris,Compartment A,Belgium,XFAB.PA
XILAM ANIMATION,FR0004034072,Euronext Growth Paris,Euronext Growth,France,ALXIL.PA
XPLORA TECHNOLOGIES,NO0010895782,Euronext Growth Oslo,Euronext Growth,Norway,NO0010895782.SG
YAKKYO,IT0005573966,Euronext Growth Milan,Euronext Growth,Italy,YKY.MI
YOLO GROUP,IT0005495871,Euronext Growth Milan,Euronext Growth,Italy,YOLO.MI
YOUNITED FINANCIAL,LU2999653251,Euronext Paris,Compartment B,Luxembourg,YOUNI.AS
ZALARIS,NO0010708910,Oslo Bors,Compartment C,Norway,ZAL.OL
ZAPTEC ASA,NO0010713936,Oslo Bors,Compartment B,Norway,NO0010713936.SG
ZELLUNA,NO0013524942,Oslo Bors,Compartment C,Norway,ZLNA.OL
ZEST,IT0005013013,Euronext Milan,Compartment C,Italy,ZEST.MI
ZIGNAGO VETRO,IT0004171440,Euronext Milan,Compartment A,Italy,ZV.MI
ZUCCHI,IT0005395071,Euronext Milan,Compartment C,Italy,ZUC.MI
